NU_ANO,CO_MUNICIPIO_PROVA,agg_profile_n,agg_Q006_A,agg_Q006_B,agg_Q006_C,agg_Q006_D,agg_Q006_E,agg_Q006_F,agg_Q006_G,agg_Q006_H,agg_Q006_I,agg_Q006_J,agg_Q006_K,agg_Q006_L,agg_Q006_M,agg_Q006_N,agg_Q006_O,agg_Q006_P,agg_Q006_Q,agg_TP_COR_RACA_0,agg_TP_COR_RACA_1,agg_TP_COR_RACA_2,agg_TP_COR_RACA_3,agg_TP_COR_RACA_4,agg_TP_COR_RACA_5,agg_TP_SEXO_F,agg_TP_SEXO_M,agg_TP_FAIXA_ETARIA_1,agg_TP_FAIXA_ETARIA_10,agg_TP_FAIXA_ETARIA_11,agg_TP_FAIXA_ETARIA_12,agg_TP_FAIXA_ETARIA_13,agg_TP_FAIXA_ETARIA_14,agg_TP_FAIXA_ETARIA_15,agg_TP_FAIXA_ETARIA_16,agg_TP_FAIXA_ETARIA_17,agg_TP_FAIXA_ETARIA_18,agg_TP_FAIXA_ETARIA_19,agg_TP_FAIXA_ETARIA_2,agg_TP_FAIXA_ETARIA_20,agg_TP_FAIXA_ETARIA_3,agg_TP_FAIXA_ETARIA_4,agg_TP_FAIXA_ETARIA_5,agg_TP_FAIXA_ETARIA_6,agg_TP_FAIXA_ETARIA_7,agg_TP_FAIXA_ETARIA_8,agg_TP_FAIXA_ETARIA_9,agg_IN_TREINEIRO_0,agg_IN_TREINEIRO_1,agg_TP_ST_CONCLUSAO_1,agg_TP_ST_CONCLUSAO_2,agg_TP_ST_CONCLUSAO_3,agg_TP_ST_CONCLUSAO_4,agg_TP_ENSINO_1.0,agg_TP_ENSINO_2.0,agg_TP_ENSINO_NA
2022,3300100,2157,0.041261010662957814,0.22763096893834028,0.1798794622160408,0.15252665739452945,0.08576726935558646,0.059805285118219746,0.0602688919796013,0.059805285118219746,0.02642559109874826,0.01808066759388039,0.01576263328697265,0.01808066759388039,0.016226240148354196,0.011590171534538712,0.009735744089012517,0.00927213722763097,0.007881316643486324,0.025034770514603615,0.502086230876217,0.11265646731571627,0.3435326842837274,0.013908205841446454,0.0027816411682892906,0.6216968011126565,0.37830319888734354,0.0890125173852573,0.01854427445526194,0.04265183124710246,0.02642559109874826,0.023180343069077423,0.014371812702828002,0.007881316643486324,0.005099675475197033,0.003245248029670839,0.0027816411682892906,0.0004636068613815484,0.19286045433472415,0.0004636068613815484,0.24432081594807603,0.12517385257301808,0.07000463606861382,0.045433472415391744,0.03291608715808994,0.03337969401947149,0.021789522484932777,0.8474733426054706,0.15252665739452945,0.43671766342141866,0.4089012517385257,0.15252665739452945,0.0018544274455261937,0.38340287436254056,0.0018544274455261937,0.6147426981919333
2022,3300209,1876,0.046908315565031986,0.26439232409381663,0.19189765458422176,0.12473347547974413,0.08368869936034115,0.05063965884861407,0.059168443496801705,0.05223880597014925,0.02931769722814499,0.020788912579957356,0.014392324093816631,0.014925373134328358,0.01279317697228145,0.009594882729211088,0.008528784648187633,0.009594882729211088,0.006396588486140725,0.025053304904051173,0.43923240938166314,0.1593816631130064,0.36300639658848616,0.009594882729211088,0.0037313432835820895,0.6513859275053305,0.3486140724946695,0.06982942430703624,0.01652452025586354,0.04637526652452026,0.025053304904051173,0.021321961620469083,0.013326226012793176,0.011194029850746268,0.009594882729211088,0.004797441364605544,0.0026652452025586353,0.0005330490405117271,0.17590618336886993,0.0005330490405117271,0.2510660980810235,0.1535181236673774,0.07835820895522388,0.03624733475479744,0.03464818763326226,0.027185501066098083,0.021321961620469083,0.8773987206823027,0.12260127931769722,0.4642857142857143,0.41044776119402987,0.12260127931769722,0.0026652452025586353,0.39232409381663114,0.0037313432835820895,0.6039445628997868
2022,3300308,912,0.03070175438596491,0.2324561403508772,0.17543859649122806,0.12719298245614036,0.09758771929824561,0.06140350877192982,0.07785087719298246,0.0756578947368421,0.039473684210526314,0.02850877192982456,0.008771929824561403,0.008771929824561403,0.01206140350877193,0.008771929824561403,0.0043859649122807015,0.007675438596491228,0.003289473684210526,0.015350877192982455,0.48026315789473684,0.20394736842105263,0.2850877192982456,0.01425438596491228,0.0010964912280701754,0.6337719298245614,0.36622807017543857,0.10087719298245613,0.010964912280701754,0.03728070175438596,0.017543859649122806,0.009868421052631578,0.008771929824561403,0.0043859649122807015,0.0043859649122807015,0.0010964912280701754,0.0021929824561403508,0.0,0.20942982456140352,0.0,0.2949561403508772,0.14144736842105263,0.0581140350877193,0.039473684210526314,0.021929824561403508,0.01864035087719298,0.01864035087719298,0.8234649122807017,0.17653508771929824,0.3519736842105263,0.46710526315789475,0.17653508771929824,0.0043859649122807015,0.4506578947368421,0.0010964912280701754,0.5482456140350878
2022,3300407,2119,0.020292590844738084,0.19584709768758848,0.19301557338367153,0.1411042944785276,0.10901368570080226,0.06748466257668712,0.07881075979235488,0.06654082114204814,0.02878716375648891,0.019820670127418595,0.011326097215667769,0.017461066540821142,0.0146295422369042,0.009910335063709298,0.008494572911750826,0.0066068900424728644,0.010854176498348278,0.0146295422369042,0.5563945257196791,0.14818310523831996,0.26946672958942897,0.008494572911750826,0.002831524303916942,0.6073619631901841,0.39263803680981596,0.1028787163756489,0.009910335063709298,0.03633789523360075,0.019348749410099102,0.013213780084945729,0.010382255781028787,0.005663048607833884,0.0023596035865974517,0.0018876828692779614,0.001415762151958471,0.0009438414346389807,0.2439830108541765,0.0,0.2586125530910807,0.12600283152430392,0.06182161396885323,0.037753657385559226,0.0292590844738084,0.020292590844738084,0.01793298725814063,0.826805096743747,0.17319490325625295,0.37800849457291175,0.44596507786691836,0.17319490325625295,0.002831524303916942,0.4336951392166116,0.0023596035865974517,0.5639452571967909
2022,3300456,3630,0.07382920110192838,0.3493112947658402,0.23553719008264462,0.13168044077134985,0.0746556473829201,0.03608815426997245,0.03663911845730027,0.03140495867768595,0.009641873278236915,0.0049586776859504135,0.004407713498622589,0.004407713498622589,0.003581267217630854,0.001652892561983471,0.001652892561983471,0.0005509641873278236,0.0,0.02837465564738292,0.29228650137741047,0.25261707988980714,0.4066115702479339,0.01818181818181818,0.001928374655647383,0.6460055096418733,0.35399449035812675,0.03939393939393939,0.021212121212121213,0.06198347107438017,0.02865013774104683,0.023966942148760332,0.023691460055096418,0.012947658402203856,0.014325068870523415,0.006336088154269973,0.0027548209366391185,0.0008264462809917355,0.1669421487603306,0.0002754820936639118,0.22644628099173553,0.128099173553719,0.0834710743801653,0.05454545454545454,0.045454545454545456,0.03168044077134986,0.02699724517906336,0.9421487603305785,0.05785123966942149,0.550137741046832,0.3887052341597796,0.05785123966942149,0.003305785123966942,0.36446280991735536,0.004683195592286501,0.6308539944903582
2022,3300605,1040,0.03461538461538462,0.31346153846153846,0.20096153846153847,0.14807692307692308,0.07403846153846154,0.03653846153846154,0.051923076923076926,0.058653846153846154,0.022115384615384617,0.0125,0.014423076923076924,0.016346153846153847,0.0038461538461538464,0.0038461538461538464,0.0038461538461538464,0.0019230769230769232,0.0028846153846153848,0.011538461538461539,0.46634615384615385,0.1778846153846154,0.3278846153846154,0.015384615384615385,0.0009615384615384616,0.6221153846153846,0.3778846153846154,0.06634615384615385,0.01826923076923077,0.04230769230769231,0.0125,0.01730769230769231,0.014423076923076924,0.006730769230769231,0.0019230769230769232,0.0038461538461538464,0.0009615384615384616,0.0,0.22692307692307692,0.0,0.2798076923076923,0.12403846153846154,0.0798076923076923,0.03653846153846154,0.03461538461538462,0.01826923076923077,0.015384615384615385,0.875,0.125,0.4125,0.46153846153846156,0.125,0.0009615384615384616,0.4394230769230769,0.0009615384615384616,0.5596153846153846
2022,3300704,3640,0.029395604395604395,0.20274725274725275,0.1835164835164835,0.14395604395604394,0.09697802197802198,0.056043956043956046,0.06456043956043957,0.06675824175824176,0.029395604395604395,0.020054945054945057,0.011263736263736264,0.023351648351648352,0.021703296703296703,0.01456043956043956,0.013736263736263736,0.011538461538461539,0.010439560439560439,0.015384615384615385,0.49642857142857144,0.16181318681318682,0.31126373626373627,0.012362637362637362,0.0027472527472527475,0.6379120879120879,0.3620879120879121,0.06950549450549451,0.01703296703296703,0.05247252747252747,0.0228021978021978,0.017582417582417582,0.016758241758241758,0.009615384615384616,0.0052197802197802195,0.00467032967032967,0.0013736263736263737,0.0013736263736263737,0.17884615384615385,0.0005494505494505495,0.24587912087912087,0.14148351648351648,0.08434065934065935,0.04450549450549451,0.04148351648351648,0.025,0.019505494505494506,0.8541208791208791,0.1458791208791209,0.45467032967032966,0.39587912087912086,0.1458791208791209,0.0035714285714285713,0.371978021978022,0.0035714285714285713,0.6244505494505495
2022,3300803,659,0.04704097116843703,0.30349013657056145,0.212443095599393,0.1062215477996965,0.08497723823975721,0.054628224582701064,0.06069802731411229,0.05311077389984825,0.025796661608497723,0.009104704097116844,0.009104704097116844,0.009104704097116844,0.007587253414264037,0.004552352048558422,0.004552352048558422,0.0030349013657056147,0.004552352048558422,0.021244309559939303,0.3960546282245827,0.13960546282245828,0.40971168437025796,0.03338391502276176,0.0,0.644916540212443,0.3550834597875569,0.0622154779969651,0.018209408194233688,0.0409711684370258,0.015174506828528073,0.012139605462822459,0.010622154779969651,0.009104704097116844,0.0,0.004552352048558422,0.0,0.0015174506828528073,0.1669195751138088,0.0,0.27921092564491656,0.1441578148710167,0.0819423368740516,0.057663125948406675,0.04552352048558422,0.027314112291350532,0.02276176024279211,0.8786039453717754,0.12139605462822459,0.48710166919575115,0.3915022761760243,0.12139605462822459,0.0,0.37329286798179057,0.012139605462822459,0.6145675265553869
2022,3301009,7965,0.04745762711864407,0.2895166352793471,0.18355304456999372,0.13145009416195857,0.07344632768361582,0.03628374136848713,0.05059635907093534,0.0519774011299435,0.023477715003138732,0.016446955430006276,0.013433772755806653,0.01669805398618958,0.016823603264281232,0.013810420590081607,0.01418706842435656,0.010546139359698682,0.01029504080351538,0.019836785938480855,0.466541117388575,0.20288763339610796,0.29617074701820467,0.012554927809165096,0.0020087884494664155,0.64030131826742,0.35969868173258,0.061142498430634025,0.022222222222222223,0.05951035781544256,0.03214061519146265,0.022222222222222223,0.015944758317639675,0.013684871311989956,0.007658505963590709,0.004268675455116133,0.0026365348399246705,0.0007532956685499058,0.15856873822975517,0.00025109855618330194,0.22849968612680477,0.13810420590081607,0.08813559322033898,0.052354048964218455,0.04105461393596987,0.02849968612680477,0.022347771500313873,0.8878844946641556,0.11211550533584431,0.4769617074701821,0.40853735091023224,0.11211550533584431,0.0023854362837413684,0.38493408662900186,0.0020087884494664155,0.6130571249215317
2022,3301306,483,0.051759834368530024,0.2587991718426501,0.14906832298136646,0.14078674948240166,0.09109730848861283,0.06625258799171843,0.08902691511387163,0.07246376811594203,0.018633540372670808,0.010351966873706004,0.022774327122153208,0.008281573498964804,0.004140786749482402,0.006211180124223602,0.006211180124223602,0.002070393374741201,0.002070393374741201,0.024844720496894408,0.4886128364389234,0.13871635610766045,0.33747412008281574,0.010351966873706004,0.0,0.6853002070393375,0.3146997929606625,0.08902691511387163,0.014492753623188406,0.043478260869565216,0.041407867494824016,0.035196687370600416,0.010351966873706004,0.004140786749482402,0.004140786749482402,0.002070393374741201,0.0,0.002070393374741201,0.17598343685300208,0.0,0.23809523809523808,0.13457556935817805,0.062111801242236024,0.043478260869565216,0.041407867494824016,0.028985507246376812,0.028985507246376812,0.8322981366459627,0.16770186335403728,0.453416149068323,0.3747412008281574,0.16770186335403728,0.004140786749482402,0.34782608695652173,0.002070393374741201,0.650103519668737
2022,3301702,12606,0.06163731556401714,0.3135808345232429,0.21505632238616532,0.1432651118514993,0.08376963350785341,0.04109154370934476,0.04831032841504046,0.04093288910042837,0.014199587498016817,0.009915913057274314,0.0063461843566555605,0.006980802792321117,0.0063461843566555605,0.003411074091702364,0.002617801047120419,0.0016658733936220848,0.0008726003490401396,0.020942408376963352,0.3333333333333333,0.21783277804220214,0.40647310804378867,0.01832460732984293,0.003093764873869586,0.6565127716960177,0.3434872283039822,0.04370934475646517,0.02078375376804696,0.06401713469776298,0.031572267174361415,0.023798191337458353,0.019117880374424877,0.013406314453434872,0.008488021577026812,0.004363001745200698,0.0020625099159130573,0.0007932730445819451,0.16857052197366335,0.00047596382674916705,0.22171981596065365,0.13668094558146915,0.0825003966365223,0.05624305886085991,0.044185308583214344,0.0303823576074885,0.027129938124702522,0.9247183880691734,0.0752816119308266,0.5522766936379502,0.3696652387751864,0.0752816119308266,0.002776455656036808,0.34301126447723307,0.003093764873869586,0.6538949706488973
2022,3301850,539,0.05194805194805195,0.29313543599257885,0.1836734693877551,0.1391465677179963,0.10575139146567718,0.04267161410018553,0.05380333951762523,0.05194805194805195,0.02040816326530612,0.0055658627087198514,0.0018552875695732839,0.01855287569573284,0.011131725417439703,0.0055658627087198514,0.0074211502782931356,0.0018552875695732839,0.0055658627087198514,0.029684601113172542,0.44155844155844154,0.15398886827458255,0.3525046382189239,0.011131725417439703,0.011131725417439703,0.5918367346938775,0.40816326530612246,0.04267161410018553,0.02040816326530612,0.059369202226345084,0.027829313543599257,0.027829313543599257,0.022263450834879406,0.014842300556586271,0.0074211502782931356,0.0055658627087198514,0.0055658627087198514,0.0018552875695732839,0.16697588126159554,0.0,0.2504638218923933,0.14471243042671614,0.07235621521335807,0.03896103896103896,0.04081632653061224,0.03339517625231911,0.016697588126159554,0.9165120593692022,0.08348794063079777,0.48608534322820035,0.43042671614100186,0.08348794063079777,0.0,0.3970315398886827,0.00927643784786642,0.5936920222634509
2022,3301876,512,0.025390625,0.22265625,0.17578125,0.162109375,0.099609375,0.052734375,0.072265625,0.08203125,0.041015625,0.017578125,0.015625,0.01953125,0.00390625,0.001953125,0.00390625,0.001953125,0.001953125,0.0234375,0.44921875,0.150390625,0.36328125,0.01171875,0.001953125,0.630859375,0.369140625,0.05859375,0.037109375,0.052734375,0.025390625,0.01171875,0.013671875,0.017578125,0.013671875,0.001953125,0.0,0.0,0.1953125,0.0,0.263671875,0.1015625,0.078125,0.041015625,0.0390625,0.029296875,0.01953125,0.90625,0.09375,0.486328125,0.41796875,0.09375,0.001953125,0.40234375,0.001953125,0.595703125
2022,3301900,3062,0.06466361854996734,0.3086218158066623,0.2015022860875245,0.14826910516002612,0.08817766165904638,0.03559764859568909,0.04408883082952319,0.04310907903331156,0.017308948399738733,0.009797517962116264,0.0062050947093403004,0.01077726975832789,0.007511430437622469,0.007184846505551927,0.0032658393207054214,0.001959503592423253,0.001959503592423253,0.018288700195950358,0.3478118876551274,0.18256041802743306,0.4353363814500327,0.013063357282821686,0.002939255388634879,0.6427171783148269,0.3572828216851731,0.05747877204441541,0.019595035924232528,0.05094709340300457,0.02906596995427825,0.026779882429784456,0.022207707380796866,0.016982364467668192,0.011757021554539516,0.003919007184846506,0.0013063357282821686,0.001959503592423253,0.170476812540823,0.0006531678641410843,0.21848465055519267,0.14500326583932072,0.08883082952318747,0.045068582625734814,0.04212932723709994,0.02906596995427825,0.018288700195950358,0.9092096668843893,0.09079033311561072,0.5238406270411495,0.38210320052253427,0.09079033311561072,0.0032658393207054214,0.3520574787720444,0.0045721750489875895,0.643370346178968
2022,3302007,1884,0.05201698513800425,0.2765392781316348,0.19532908704883228,0.15658174097664543,0.08917197452229299,0.04087048832271762,0.06157112526539278,0.04936305732484077,0.02176220806794055,0.015392781316348195,0.007961783439490446,0.007961783439490446,0.008492569002123142,0.00583864118895966,0.00583864118895966,0.002653927813163482,0.002653927813163482,0.016985138004246284,0.38057324840764334,0.1618895966029724,0.4150743099787686,0.021231422505307854,0.004246284501061571,0.6353503184713376,0.3646496815286624,0.03821656050955414,0.019639065817409766,0.05997876857749469,0.036093418259023353,0.020700636942675158,0.02176220806794055,0.016454352441613588,0.0074309978768577496,0.00583864118895966,0.0021231422505307855,0.0010615711252653928,0.14437367303609341,0.0,0.2627388535031847,0.13694267515923567,0.08864118895966029,0.04777070063694268,0.03927813163481953,0.03556263269639066,0.015392781316348195,0.9145435244161358,0.08545647558386411,0.5201698513800425,0.3890658174097665,0.08545647558386411,0.005307855626326964,0.36995753715498936,0.002653927813163482,0.6273885350318471
2022,3302106,796,0.03391959798994975,0.2663316582914573,0.19597989949748743,0.135678391959799,0.10427135678391959,0.048994974874371856,0.06658291457286432,0.056532663316582916,0.02763819095477387,0.010050251256281407,0.010050251256281407,0.016331658291457288,0.007537688442211055,0.007537688442211055,0.005025125628140704,0.005025125628140704,0.002512562814070352,0.026381909547738693,0.635678391959799,0.10678391959798995,0.22487437185929648,0.0037688442211055275,0.002512562814070352,0.6130653266331658,0.3869346733668342,0.13190954773869346,0.01256281407035176,0.03768844221105527,0.010050251256281407,0.002512562814070352,0.00628140703517588,0.002512562814070352,0.0,0.002512562814070352,0.0,0.0,0.23241206030150754,0.0,0.26884422110552764,0.11809045226130653,0.0829145728643216,0.03391959798994975,0.02135678391959799,0.020100502512562814,0.016331658291457288,0.7839195979899497,0.21608040201005024,0.3793969849246231,0.4007537688442211,0.21608040201005024,0.0037688442211055275,0.3844221105527638,0.001256281407035176,0.614321608040201
2022,3302205,2148,0.03212290502793296,0.23324022346368714,0.20018621973929238,0.14804469273743018,0.08659217877094973,0.0521415270018622,0.06238361266294227,0.061452513966480445,0.031191806331471134,0.023277467411545624,0.013500931098696461,0.015828677839851025,0.014432029795158287,0.0074487895716946,0.010707635009310988,0.004655493482309125,0.002793296089385475,0.013500931098696461,0.5074487895716946,0.1564245810055866,0.3063314711359404,0.013966480446927373,0.0023277467411545625,0.6289571694599627,0.3710428305400372,0.09497206703910614,0.00931098696461825,0.040502793296089384,0.018156424581005588,0.010707635009310988,0.008379888268156424,0.004655493482309125,0.0032588454376163874,0.00186219739292365,0.0004655493482309125,0.0004655493482309125,0.2425512104283054,0.0,0.29748603351955305,0.11173184357541899,0.059124767225325885,0.040968342644320296,0.025139664804469275,0.017690875232774673,0.012569832402234637,0.8230912476722533,0.17690875232774675,0.3230912476722533,0.49813780260707635,0.17690875232774675,0.00186219739292365,0.47113594040968343,0.004655493482309125,0.5242085661080075
2022,3302270,989,0.0980788675429727,0.3862487360970677,0.19716885743174925,0.1263902932254803,0.07482305358948432,0.023255813953488372,0.041456016177957536,0.0262891809908999,0.007077856420626896,0.006066734074823054,0.003033367037411527,0.004044489383215369,0.004044489383215369,0.0010111223458038423,0.0010111223458038423,0.0,0.0,0.021233569261880688,0.25783619817997977,0.2487360970677452,0.44792719919110213,0.019211324570273004,0.005055611729019211,0.6784630940343782,0.32153690596562184,0.034378159757330634,0.029322548028311426,0.06370070778564206,0.03640040444893832,0.034378159757330634,0.0262891809908999,0.012133468149646108,0.006066734074823054,0.003033367037411527,0.003033367037411527,0.0,0.13953488372093023,0.0,0.21638018200202225,0.13245702730030334,0.1102123356926188,0.06572295247724974,0.034378159757330634,0.032355915065722954,0.020222446916076844,0.9362992922143579,0.06370070778564206,0.5561172901921132,0.38018200202224467,0.06370070778564206,0.0,0.3528816986855409,0.003033367037411527,0.6440849342770475
2022,3302403,4651,0.033971188991614706,0.21565254783917437,0.17351107288755108,0.12642442485486993,0.0911631907116749,0.05611696409374328,0.06342721995269834,0.06450225757901526,0.029456030961083637,0.01892066222317781,0.01569554934422705,0.0245108578800258,0.018275639647387657,0.013545474091593205,0.01849064717265104,0.017630617071597507,0.018705654697914426,0.022145775102128576,0.4138894861320146,0.1741560954633412,0.37282304880670825,0.01376048161685659,0.0032251128789507633,0.6304020640722425,0.36959793592775747,0.058052031821113736,0.01784562459686089,0.06772737045796604,0.03870135454740916,0.02666093313265964,0.01978069232423135,0.01569554934422705,0.005805203182111374,0.0040851429800043,0.0017200602021070737,0.00021500752526338422,0.15308535798752956,0.00021500752526338422,0.23113308965813803,0.1391098688454096,0.07611266394323801,0.052676843689529136,0.038916362072672545,0.03053106858740056,0.02193076757686519,0.8737905826703934,0.12620941732960653,0.5127929477531714,0.35755751451300793,0.12620941732960653,0.0034401204042141475,0.340786927542464,0.0015050526768436896,0.6577080197806924
2022,3302502,2870,0.05644599303135889,0.30696864111498257,0.20766550522648083,0.1508710801393728,0.09024390243902439,0.04250871080139373,0.04912891986062718,0.03832752613240418,0.013588850174216028,0.014982578397212544,0.005923344947735192,0.00975609756097561,0.0024390243902439024,0.003484320557491289,0.0024390243902439024,0.0027874564459930314,0.0024390243902439024,0.022996515679442508,0.3397212543554007,0.21289198606271778,0.40313588850174215,0.01916376306620209,0.0020905923344947735,0.6571428571428571,0.34285714285714286,0.04355400696864112,0.02264808362369338,0.06202090592334495,0.0264808362369338,0.020905923344947737,0.016724738675958188,0.011846689895470384,0.006968641114982578,0.004181184668989547,0.0017421602787456446,0.0010452961672473868,0.1951219512195122,0.0003484320557491289,0.23763066202090594,0.1229965156794425,0.08536585365853659,0.05156794425087108,0.03832752613240418,0.02857142857142857,0.02195121951219512,0.9236933797909408,0.07630662020905923,0.5439024390243903,0.378397212543554,0.07630662020905923,0.0013937282229965157,0.35226480836236934,0.005923344947735192,0.6418118466898954
2022,3302601,430,0.03953488372093023,0.2813953488372093,0.19534883720930232,0.12790697674418605,0.06511627906976744,0.05116279069767442,0.07209302325581396,0.06976744186046512,0.030232558139534883,0.01627906976744186,0.0069767441860465115,0.01627906976744186,0.009302325581395349,0.002325581395348837,0.009302325581395349,0.004651162790697674,0.002325581395348837,0.030232558139534883,0.40232558139534885,0.1511627906976744,0.4,0.009302325581395349,0.0069767441860465115,0.6581395348837209,0.34186046511627904,0.05116279069767442,0.02558139534883721,0.03953488372093023,0.02558139534883721,0.020930232558139535,0.013953488372093023,0.004651162790697674,0.011627906976744186,0.002325581395348837,0.0,0.002325581395348837,0.1930232558139535,0.0,0.24186046511627907,0.1558139534883721,0.07674418604651163,0.03953488372093023,0.05813953488372093,0.020930232558139535,0.01627906976744186,0.8930232558139535,0.10697674418604651,0.4720930232558139,0.42093023255813955,0.10697674418604651,0.0,0.39069767441860465,0.009302325581395349,0.6
2022,3302700,2985,0.03350083752093802,0.20536013400335007,0.17788944723618091,0.13366834170854272,0.09581239530988275,0.06901172529313233,0.06867671691792294,0.07537688442211055,0.03484087102177554,0.022445561139028476,0.01641541038525963,0.018090452261306532,0.01574539363484087,0.01340033500837521,0.010050251256281407,0.004355108877721943,0.005360134003350084,0.019430485762144054,0.4964824120603015,0.11725293132328309,0.35477386934673366,0.009380234505862646,0.002680067001675042,0.5983249581239531,0.4016750418760469,0.05661641541038526,0.01507537688442211,0.03986599664991625,0.022445561139028476,0.019765494137353432,0.017085427135678392,0.01507537688442211,0.012395309882747068,0.007705192629815745,0.0016750418760469012,0.00033500837520938025,0.1795644891122278,0.0006700167504187605,0.2649916247906198,0.14472361809045226,0.07805695142378559,0.04589614740368509,0.03350083752093802,0.030485762144053602,0.01407035175879397,0.8827470686767169,0.11725293132328309,0.4820770519262982,0.39798994974874374,0.11725293132328309,0.002680067001675042,0.3775544388609715,0.005695142378559464,0.616750418760469
2022,3302858,2032,0.05511811023622047,0.29429133858267714,0.2062007874015748,0.12746062992125984,0.09301181102362205,0.03740157480314961,0.04625984251968504,0.056594488188976375,0.02312992125984252,0.013779527559055118,0.011811023622047244,0.010826771653543307,0.009350393700787402,0.005905511811023622,0.006889763779527559,0.000984251968503937,0.000984251968503937,0.01968503937007874,0.32923228346456695,0.24311023622047245,0.39320866141732286,0.01328740157480315,0.0014763779527559055,0.6309055118110236,0.3690944881889764,0.05905511811023622,0.023622047244094488,0.07283464566929133,0.03395669291338583,0.021161417322834646,0.025098425196850394,0.0172244094488189,0.01673228346456693,0.01033464566929134,0.0044291338582677165,0.0014763779527559055,0.15108267716535434,0.000984251968503937,0.18848425196850394,0.12893700787401574,0.07824803149606299,0.05954724409448819,0.04429133858267716,0.03789370078740158,0.024606299212598427,0.9104330708661418,0.08956692913385826,0.5954724409448819,0.31348425196850394,0.08956692913385826,0.0014763779527559055,0.2844488188976378,0.001968503937007874,0.7135826771653543
2022,3302908,677,0.03840472673559823,0.2570162481536189,0.22304283604135894,0.1447562776957164,0.07533234859675036,0.03545051698670606,0.04874446085672083,0.0620384047267356,0.0206794682422452,0.023633677991137372,0.019202363367799114,0.008862629246676515,0.022156573116691284,0.007385524372230428,0.005908419497784343,0.0029542097488921715,0.004431314623338257,0.01624815361890694,0.4401772525849335,0.14918759231905465,0.37370753323485967,0.019202363367799114,0.0014771048744460858,0.6676514032496307,0.33234859675036926,0.03545051698670606,0.025110782865583457,0.051698670605613,0.01624815361890694,0.008862629246676515,0.004431314623338257,0.004431314623338257,0.0029542097488921715,0.0029542097488921715,0.004431314623338257,0.0,0.19793205317577547,0.0,0.29542097488921715,0.1329394387001477,0.08714918759231906,0.050221565731166914,0.03249630723781388,0.028064992614475627,0.019202363367799114,0.8700147710487445,0.12998522895125553,0.40620384047267355,0.4623338257016248,0.12998522895125553,0.0014771048744460858,0.43131462333825704,0.0103397341211226,0.5583456425406204
2022,3303005,557,0.04847396768402154,0.3177737881508079,0.20466786355475763,0.12208258527827648,0.05745062836624776,0.04847396768402154,0.06283662477558348,0.04488330341113106,0.02872531418312388,0.019748653500897665,0.012567324955116697,0.005385996409335727,0.01615798922800718,0.0017953321364452424,0.003590664272890485,0.005385996409335727,0.0,0.010771992818671455,0.42908438061041293,0.22800718132854578,0.3087971274685817,0.02154398563734291,0.0017953321364452424,0.6319569120287253,0.36804308797127466,0.1400359066427289,0.010771992818671455,0.03590664272890485,0.019748653500897665,0.01436265709156194,0.010771992818671455,0.00718132854578097,0.008976660682226212,0.0017953321364452424,0.0,0.0,0.17594254937163376,0.0,0.25314183123877915,0.13644524236983843,0.0718132854578097,0.05565529622980251,0.026929982046678635,0.01615798922800718,0.01436265709156194,0.7684021543985637,0.23159784560143626,0.40933572710951527,0.35727109515260325,0.23159784560143626,0.0017953321364452424,0.3375224416517056,0.0017953321364452424,0.6606822262118492
2022,3303203,3189,0.04672311069300721,0.2583882094700533,0.1878331765443713,0.14111006585136407,0.10003135779241142,0.0533082470994042,0.055816870492317344,0.055816870492317344,0.03135779241141424,0.019128253370962685,0.012229539040451553,0.010348071495766699,0.01066164941988084,0.005957980558168705,0.005017246785826278,0.004076513013483851,0.0021950454687989967,0.01599247412982126,0.3932267168391345,0.2242082157416118,0.35371589840075257,0.011288805268109126,0.0015678896205707118,0.6331138287864534,0.36688617121354655,0.049545312010034495,0.026026967701473815,0.05738476011288805,0.03449357165255566,0.02508623392913139,0.016306052053935403,0.015365318281592976,0.010034493571652555,0.008153026026967701,0.004703668861712135,0.0031357792411414237,0.1539667607400439,0.0006271558482282847,0.20915647538413296,0.1295076826591408,0.08184383819379115,0.0614612731263719,0.049545312010034495,0.03574788334901223,0.027908435246158672,0.9197240514267796,0.08027594857322044,0.5964252116650988,0.32267168391345247,0.08027594857322044,0.0006271558482282847,0.30322985261837565,0.0018814675446848542,0.6948886798369395
2022,3303302,13196,0.03341921794483177,0.16770233404061838,0.14072446195816915,0.10313731433767809,0.0725977568960291,0.04508942103667778,0.05812367384055774,0.07320400121248863,0.03425280387996363,0.029175507729615035,0.023567747802364352,0.03440436495907851,0.033722340103061535,0.029251288269172476,0.034328584419521066,0.0367535616853592,0.05054561988481358,0.022127917550772962,0.5749469536223097,0.13776902091542892,0.253940588056987,0.00871476204910579,0.0025007578053955746,0.5885116702030918,0.41148832979690814,0.08275234919672628,0.019172476508032738,0.0647923613216126,0.034101242800848745,0.025083358593513187,0.018263110033343438,0.012958472264322523,0.010154592300697181,0.008790542588663231,0.003182782661412549,0.0014398302515913914,0.18126705062140042,0.0004546832373446499,0.20316762655350107,0.12541679296756592,0.07525007578053956,0.04925735071233707,0.0358441952106699,0.027735677478023645,0.020915428917853897,0.8372234010306153,0.16277659896938465,0.5174295240982115,0.3173688996665656,0.16277659896938465,0.002424977265838133,0.2981964231585329,0.0014398302515913914,0.7003637465898758
2022,3303401,3837,0.014073494917904612,0.17174876205368778,0.18425853531404743,0.15428720354443576,0.10815741464685953,0.06333072713057075,0.06984623403700808,0.06697941099817566,0.03570497784727652,0.02111024237685692,0.015897836851707065,0.022673964034401875,0.018764659890539485,0.015115976022934585,0.011467292155329685,0.009903570497784727,0.01667969768047954,0.016158457127964557,0.6755277560594214,0.10294500912170967,0.1931196247068022,0.010424811050299713,0.0018243419338024498,0.6226218399791503,0.3773781600208496,0.10581183216054209,0.013031013812874642,0.030753192598384153,0.014334115194162106,0.00833984884023977,0.006776127182694814,0.004691164972634871,0.0036486838676048996,0.0023455824863174357,0.0007818608287724785,0.00026062027625749283,0.23351576752671357,0.0,0.2786030753192598,0.13343758144383633,0.0654156893406307,0.03961428199113891,0.0218921032056294,0.021631482929371906,0.015115976022934585,0.7891581965076883,0.2108418034923117,0.35157675267135785,0.4365389627313005,0.2108418034923117,0.0010424811050299713,0.42011988532707845,0.001563721657544957,0.5783163930153766
2022,3303500,11639,0.06392301744136095,0.3115387919924392,0.2083512329237907,0.1270727725749635,0.08205172265658561,0.03677291863562162,0.046481656499699285,0.043904115473837955,0.017355442907466278,0.012544032992525132,0.009450983761491538,0.010396082137640691,0.010310164103445313,0.006272016496262566,0.005584672222699544,0.004124065641378126,0.0038663115387919922,0.02053441017269525,0.3580204484921385,0.20852306899218145,0.3957384655039093,0.015379328120972592,0.0018042787181029299,0.6407766990291263,0.3592233009708738,0.05704957470573073,0.02087808230947676,0.06735973880917605,0.03325027923361114,0.0230260331643612,0.021393590514649025,0.013918721539651173,0.01005241000085918,0.007045278804020964,0.0029212131626428386,0.0009450983761491537,0.16994587163845692,0.00034367213678151043,0.20560185582953863,0.12990806770341096,0.08084887017785033,0.058510181287052154,0.0418420826531489,0.03153191854970358,0.023627459403728842,0.9117621788813471,0.0882378211186528,0.55631927141507,0.35286536644041583,0.0882378211186528,0.0025775410258613283,0.3289801529341009,0.0034367213678151045,0.667583125698084
2022,3303609,765,0.047058823529411764,0.2679738562091503,0.22091503267973855,0.14901960784313725,0.07712418300653595,0.047058823529411764,0.06143790849673202,0.06405228758169934,0.00784313725490196,0.01699346405228758,0.00784313725490196,0.01045751633986928,0.01045751633986928,0.00392156862745098,0.00130718954248366,0.00130718954248366,0.00522875816993464,0.01568627450980392,0.4196078431372549,0.1411764705882353,0.40261437908496733,0.01699346405228758,0.00392156862745098,0.6183006535947713,0.38169934640522873,0.0392156862745098,0.026143790849673203,0.06535947712418301,0.023529411764705882,0.02483660130718954,0.01699346405228758,0.013071895424836602,0.006535947712418301,0.00392156862745098,0.00261437908496732,0.0,0.1477124183006536,0.0,0.2130718954248366,0.1542483660130719,0.10457516339869281,0.054901960784313725,0.047058823529411764,0.03529411764705882,0.02091503267973856,0.9032679738562092,0.09673202614379085,0.5607843137254902,0.34248366013071896,0.09673202614379085,0.0,0.330718954248366,0.00261437908496732,0.6666666666666666
2022,3303708,559,0.017889087656529516,0.2898032200357782,0.19856887298747763,0.1449016100178891,0.1001788908765653,0.06797853309481217,0.04830053667262969,0.0518783542039356,0.016100178890876567,0.008944543828264758,0.008944543828264758,0.014311270125223614,0.014311270125223614,0.0017889087656529517,0.0035778175313059034,0.0035778175313059034,0.008944543828264758,0.028622540250447227,0.4776386404293381,0.20572450805008943,0.2772808586762075,0.008944543828264758,0.0017889087656529517,0.6386404293381037,0.3613595706618962,0.06797853309481217,0.023255813953488372,0.05008944543828265,0.023255813953488372,0.008944543828264758,0.014311270125223614,0.007155635062611807,0.0035778175313059034,0.0017889087656529517,0.0017889087656529517,0.0,0.1967799642218247,0.0,0.26118067978533094,0.13416815742397137,0.06797853309481217,0.059033989266547404,0.03398926654740608,0.028622540250447227,0.016100178890876567,0.8318425760286225,0.16815742397137745,0.42397137745974955,0.407871198568873,0.16815742397137745,0.0,0.37924865831842575,0.0017889087656529517,0.6189624329159212
2022,3303807,731,0.02188782489740082,0.14500683994528044,0.16415868673050615,0.1573187414500684,0.1121751025991792,0.06155950752393981,0.07250341997264022,0.08891928864569083,0.03283173734610123,0.017783857729138167,0.028727770177838577,0.028727770177838577,0.016415868673050615,0.012311901504787962,0.009575923392612859,0.017783857729138167,0.012311901504787962,0.009575923392612859,0.521203830369357,0.12585499316005472,0.32558139534883723,0.015047879616963064,0.0027359781121751026,0.6320109439124487,0.3679890560875513,0.09712722298221614,0.013679890560875513,0.03419972640218878,0.008207934336525308,0.01094391244870041,0.004103967168262654,0.0013679890560875513,0.006839945280437756,0.0013679890560875513,0.0013679890560875513,0.0,0.18878248974008208,0.0,0.2954856361149111,0.13132694938440492,0.08071135430916553,0.04377564979480164,0.03967168262653899,0.025991792065663474,0.015047879616963064,0.8440492476060192,0.15595075239398085,0.426812585499316,0.41450068399452805,0.15595075239398085,0.0027359781121751026,0.4021887824897401,0.0013679890560875513,0.5964432284541724
2022,3303906,4343,0.023946580704582086,0.1770665438636887,0.18581625604420907,0.14644255123186736,0.09164172231176607,0.0635505411006217,0.0642413078517154,0.06723463043978817,0.029472714713331797,0.02210453603499885,0.015196868524061708,0.02210453603499885,0.015196868524061708,0.01565737969145752,0.02026249136541561,0.01726916877734285,0.022795302786092562,0.014045590605572185,0.6246833985724154,0.12594980428275385,0.22104536034998848,0.011052268017499424,0.0032235781717706653,0.6276767211604881,0.3723232788395119,0.07805664287358968,0.016348146442551233,0.04858392816025789,0.02026249136541561,0.014966612940363803,0.011512779184895234,0.011052268017499424,0.007598434262030854,0.00345383375546857,0.0016117890858853327,0.00046051116739580933,0.21252590375316602,0.0,0.2514390973981119,0.13078517154040986,0.07460280911812112,0.04052498273083122,0.033847570803591985,0.023025558369790467,0.019341469030623993,0.8454985033387059,0.15450149666129404,0.4236702740041446,0.4186046511627907,0.15450149666129404,0.0032235781717706653,0.3999539488832604,0.0025328114206769514,0.5975132396960626
2022,3304144,2239,0.08709245198749442,0.34926306386779815,0.20678874497543545,0.12907548012505582,0.07324698526127736,0.03394372487717731,0.03439035283608754,0.03126395712371594,0.013398838767306834,0.009379187137114784,0.007592675301473872,0.008485931219294328,0.005806163465832961,0.0044662795891022775,0.0022331397945511387,0.0022331397945511387,0.0013398838767306833,0.02054488610987048,0.3028137561411344,0.24609200535953552,0.4095578383206789,0.01786511835640911,0.0031263957123715946,0.6538633318445735,0.34613666815542654,0.03305046895935686,0.025011165698972757,0.07324698526127736,0.03528360875390799,0.030817329164805715,0.021438142027690933,0.009379187137114784,0.010719071013845467,0.00401965163019205,0.00044662795891022776,0.0008932559178204555,0.16480571683787404,0.0,0.2188476998660116,0.13756141134435015,0.08441268423403304,0.052702099151406875,0.037516748548459135,0.03305046895935686,0.026797677534613668,0.9370254577936579,0.06297454220634212,0.5346136668155427,0.4010719071013846,0.06297454220634212,0.0013398838767306833,0.3711478338543993,0.001786511835640911,0.6270656543099598
2022,3304151,523,0.022944550669216062,0.24282982791587,0.21606118546845124,0.14149139579349904,0.10325047801147227,0.06500956022944551,0.07265774378585087,0.07839388145315487,0.009560229445506692,0.01338432122370937,0.0057361376673040155,0.009560229445506692,0.01338432122370937,0.0019120458891013384,0.0038240917782026767,0.0,0.0,0.0019120458891013384,0.33078393881453155,0.21606118546845124,0.4359464627151052,0.015296367112810707,0.0,0.6367112810707457,0.3632887189292543,0.045889101338432124,0.021032504780114723,0.03824091778202677,0.0248565965583174,0.017208413001912046,0.01338432122370937,0.009560229445506692,0.0076481835564053535,0.0038240917782026767,0.0,0.0,0.1739961759082218,0.0,0.27151051625239003,0.14149139579349904,0.08795411089866156,0.040152963671128104,0.05162523900573614,0.032504780114722756,0.019120458891013385,0.875717017208413,0.124282982791587,0.4684512428298279,0.40535372848948376,0.124282982791587,0.0019120458891013384,0.3862332695984704,0.0038240917782026767,0.609942638623327
2022,3304201,2329,0.020609703735508803,0.17217689995706312,0.19192786603692572,0.14255045083726922,0.08716187204808931,0.056247316444826105,0.0794332331472735,0.07170459424645771,0.029197080291970802,0.0236152855302705,0.0223271790468012,0.0210390725633319,0.024044654358093602,0.013739802490339202,0.018033490768570203,0.013310433662516101,0.012881064834693002,0.020180334907685702,0.5556032632030915,0.1361099184199227,0.2739373121511378,0.012022327179046801,0.0021468441391155,0.6255903821382568,0.37440961786174326,0.0850150279089738,0.0098754830399313,0.03349076857020181,0.016316015457277802,0.0124516960068699,0.007728638900815801,0.0055817947617003,0.004293688278231,0.0025762129669386004,0.00042936882782310007,0.0012881064834693002,0.20824388149420353,0.0,0.3027050236152855,0.13439244310863033,0.06526406182911121,0.04937741519965651,0.027479604980678404,0.0197509660798626,0.013739802490339202,0.836839845427222,0.16316015457277802,0.39244310863031345,0.4413911550021468,0.16316015457277802,0.0030055817947617003,0.4242164018892228,0.0008587376556462001,0.5749248604551309
2022,3304300,1480,0.04594594594594595,0.3168918918918919,0.1858108108108108,0.15743243243243243,0.08378378378378379,0.03918918918918919,0.051351351351351354,0.038513513513513516,0.019594594594594596,0.010135135135135136,0.012162162162162163,0.005405405405405406,0.012162162162162163,0.005405405405405406,0.007432432432432433,0.004054054054054054,0.00472972972972973,0.013513513513513514,0.372972972972973,0.17702702702702702,0.4175675675675676,0.016891891891891893,0.002027027027027027,0.6445945945945946,0.3554054054054054,0.05945945945945946,0.016216216216216217,0.04932432432432433,0.016891891891891893,0.013513513513513514,0.012837837837837839,0.008783783783783784,0.004054054054054054,0.002702702702702703,0.0,0.0006756756756756757,0.175,0.0,0.2594594594594595,0.15135135135135136,0.08851351351351351,0.052702702702702706,0.03986486486486487,0.024324324324324326,0.024324324324324326,0.8736486486486487,0.12635135135135134,0.47702702702702704,0.3952702702702703,0.12635135135135134,0.0013513513513513514,0.37905405405405407,0.0033783783783783786,0.6175675675675676
2022,3304524,3925,0.030318471337579617,0.2180891719745223,0.16789808917197452,0.13503184713375796,0.0929936305732484,0.05401273885350318,0.06929936305732484,0.0710828025477707,0.02980891719745223,0.020127388535031848,0.018853503184713377,0.019872611464968153,0.023184713375796178,0.017070063694267515,0.014522292993630573,0.009171974522292993,0.008662420382165605,0.018853503184713377,0.45528662420382165,0.1505732484076433,0.35694267515923567,0.014777070063694267,0.0035668789808917197,0.6326114649681529,0.36738853503184715,0.0667515923566879,0.017579617834394906,0.05859872611464968,0.02802547770700637,0.025222929936305732,0.02038216560509554,0.013248407643312102,0.009936305732484076,0.005095541401273885,0.0022929936305732482,0.0007643312101910828,0.16636942675159236,0.0005095541401273885,0.22751592356687897,0.13146496815286624,0.07847133757961783,0.05936305732484076,0.03668789808917197,0.030063694267515925,0.02165605095541401,0.8731210191082802,0.12687898089171976,0.507515923566879,0.36229299363057327,0.12687898089171976,0.0033121019108280254,0.3490445859872611,0.001019108280254777,0.6499363057324841
2022,3304557,105397,0.03842614116151313,0.20815582986233006,0.16678842851314554,0.12022163818704518,0.07894911619875329,0.045921610672030516,0.057041471768646164,0.0635881476702373,0.03036139548564001,0.02293234152774747,0.01774244048692088,0.024801464937332183,0.024735049384707344,0.01948822072734518,0.022609751700712544,0.024061405922369706,0.03417554579352353,0.01845403569361557,0.4937616820213099,0.16491930510356081,0.3101606307579912,0.010057212254618253,0.0026471341689042385,0.6010227995104225,0.3989772004895775,0.068493410628386,0.018131445866580644,0.05480231885158022,0.02987751074508762,0.02194559617446417,0.01771397667865309,0.013283110524967504,0.010142603679421616,0.006888241600804577,0.0032353862064385132,0.001489605966014213,0.18547017467290342,0.0005218364849094376,0.221780506086511,0.13030731424993122,0.0774025826162035,0.050675066652751025,0.03817945482319231,0.028596639373037185,0.021063218118162755,0.8693036803704091,0.13069631962959097,0.5104699374745012,0.3567748607645379,0.13069631962959097,0.0020588821313699632,0.3387003425144928,0.002277104661423001,0.6590225528240842
2022,3304706,810,0.037037037037037035,0.2814814814814815,0.21481481481481482,0.15432098765432098,0.08024691358024691,0.05432098765432099,0.044444444444444446,0.044444444444444446,0.025925925925925925,0.014814814814814815,0.009876543209876543,0.012345679012345678,0.006172839506172839,0.006172839506172839,0.0049382716049382715,0.003703703703703704,0.0049382716049382715,0.008641975308641974,0.5395061728395062,0.16790123456790124,0.2740740740740741,0.006172839506172839,0.003703703703703704,0.6493827160493827,0.3506172839506173,0.06419753086419754,0.012345679012345678,0.04938271604938271,0.018518518518518517,0.009876543209876543,0.009876543209876543,0.012345679012345678,0.003703703703703704,0.003703703703703704,0.0012345679012345679,0.0012345679012345679,0.23703703703703705,0.0,0.25555555555555554,0.11728395061728394,0.07160493827160494,0.04197530864197531,0.04691358024691358,0.025925925925925925,0.01728395061728395,0.8555555555555555,0.14444444444444443,0.42098765432098767,0.43333333333333335,0.14444444444444443,0.0012345679012345679,0.408641975308642,0.0024691358024691358,0.5888888888888889
2022,3304755,407,0.05405405405405406,0.42997542997543,0.22113022113022113,0.11793611793611794,0.05405405405405406,0.02702702702702703,0.044226044226044224,0.014742014742014743,0.012285012285012284,0.002457002457002457,0.014742014742014743,0.004914004914004914,0.0,0.002457002457002457,0.0,0.0,0.0,0.014742014742014743,0.4668304668304668,0.13267813267813267,0.3759213759213759,0.007371007371007371,0.002457002457002457,0.7395577395577395,0.26044226044226043,0.06142506142506143,0.014742014742014743,0.044226044226044224,0.0171990171990172,0.007371007371007371,0.002457002457002457,0.002457002457002457,0.002457002457002457,0.002457002457002457,0.004914004914004914,0.0,0.26044226044226043,0.0,0.25061425061425063,0.11793611793611794,0.056511056511056514,0.05896805896805897,0.03931203931203931,0.029484029484029485,0.02702702702702703,0.8746928746928747,0.12530712530712532,0.3464373464373464,0.5282555282555282,0.12530712530712532,0.0,0.4987714987714988,0.0,0.5012285012285013
2022,3304805,604,0.03642384105960265,0.2682119205298013,0.19701986754966888,0.13410596026490065,0.08774834437086093,0.028145695364238412,0.054635761589403975,0.056291390728476824,0.011589403973509934,0.018211920529801324,0.011589403973509934,0.0380794701986755,0.014900662251655629,0.011589403973509934,0.016556291390728478,0.009933774834437087,0.004966887417218543,0.014900662251655629,0.6307947019867549,0.12582781456953643,0.22019867549668873,0.004966887417218543,0.0033112582781456954,0.6506622516556292,0.34933774834437087,0.1076158940397351,0.018211920529801324,0.0347682119205298,0.014900662251655629,0.006622516556291391,0.009933774834437087,0.004966887417218543,0.0016556291390728477,0.008278145695364239,0.0,0.0016556291390728477,0.2152317880794702,0.0,0.24503311258278146,0.15397350993377484,0.06291390728476821,0.033112582781456956,0.03145695364238411,0.028145695364238412,0.02152317880794702,0.8327814569536424,0.1672185430463576,0.423841059602649,0.4056291390728477,0.1672185430463576,0.0033112582781456954,0.3956953642384106,0.0,0.6043046357615894
2022,3304904,12287,0.04704158867095304,0.2887604785545699,0.20607145763815415,0.1475543257101001,0.08675836249694799,0.045413852038740134,0.056319687474566615,0.04997151460893627,0.01855619760722715,0.014893790184748108,0.009115325140392285,0.009847806624888093,0.008789777813949703,0.003662407422479043,0.0039065679173109795,0.002034670790266135,0.0013021893057703264,0.021486123545210387,0.4179213803206641,0.19654919833970863,0.35110279156832425,0.010824448604215837,0.0021160576218767803,0.6256205745910312,0.37437942540896885,0.04972735411410434,0.016602913648571662,0.05713355579067307,0.02522991779930007,0.018718971270448442,0.01896313176528038,0.01554488483763327,0.011068609099047774,0.005371530886302597,0.002441604948319362,0.0010580288109383901,0.17026125172947018,0.0001627736632212908,0.22861560999430292,0.14299666313990397,0.08513062586473509,0.05550581915846016,0.042321152437535606,0.030194514527549444,0.022951086514202003,0.9018474810775616,0.09815251892243836,0.5354439651664361,0.36510132660535527,0.09815251892243836,0.0013021893057703264,0.3424757874175958,0.0018718971270448442,0.6556523154553593
2022,3305109,5958,0.062269217858341726,0.2908694192682108,0.21550855991943604,0.13662302786169855,0.09214501510574018,0.04313528029540114,0.052870090634441085,0.04783484390735146,0.01779120510238335,0.009566968781470292,0.008895602551191675,0.006377979187646861,0.008559919436052367,0.002853306478684122,0.003356831151393085,0.0010070493454179255,0.0003356831151393085,0.019805303793219202,0.350956696878147,0.2373279624034911,0.37948976166498827,0.009399127223900638,0.0030211480362537764,0.6336018798254448,0.3663981201745552,0.04481369587109768,0.019133937562940583,0.055891238670694864,0.029875797247398455,0.02534407519301779,0.020476670023497817,0.01695199731453508,0.009231285666330984,0.005706612957368244,0.0015105740181268882,0.002014098690835851,0.16129573682443774,0.0003356831151393085,0.21299093655589124,0.13746223564954682,0.08207452165156093,0.06176569318563276,0.048841893252769386,0.03709298422289359,0.027190332326283987,0.9174219536757301,0.08257804632426989,0.5746894931184962,0.34088620342396775,0.08257804632426989,0.0018462571332661967,0.31503860355824104,0.004028197381671702,0.6809331990600873
2022,3305208,1265,0.0308300395256917,0.2158102766798419,0.16679841897233202,0.13043478260869565,0.09407114624505929,0.04031620553359684,0.06640316205533597,0.09565217391304348,0.048221343873517786,0.034782608695652174,0.019762845849802372,0.015810276679841896,0.015810276679841896,0.010276679841897233,0.006324110671936759,0.003952569169960474,0.0047430830039525695,0.019762845849802372,0.49486166007905136,0.14782608695652175,0.3201581027667984,0.015019762845849802,0.0023715415019762848,0.6553359683794466,0.34466403162055337,0.07114624505928854,0.013438735177865613,0.05533596837944664,0.03162055335968379,0.011857707509881422,0.015019762845849802,0.010276679841897233,0.0071146245059288534,0.0007905138339920949,0.0015810276679841897,0.0023715415019762848,0.1976284584980237,0.0,0.2466403162055336,0.1391304347826087,0.07509881422924901,0.04980237154150197,0.026877470355731226,0.02608695652173913,0.01818181818181818,0.866403162055336,0.13359683794466404,0.45454545454545453,0.40711462450592883,0.13359683794466404,0.0047430830039525695,0.391304347826087,0.0015810276679841897,0.6071146245059289
2022,3305505,1203,0.04239401496259352,0.2793017456359102,0.17206982543640897,0.13881961762261014,0.09060681629260182,0.05070656691604322,0.06151288445552785,0.06816292601828762,0.019118869492934332,0.015793848711554447,0.014131338320864505,0.00831255195344971,0.01828761429758936,0.00914380714879468,0.004987531172069825,0.005818786367414797,0.0008312551953449709,0.020781379883624274,0.4513715710723192,0.15295095594347466,0.3507896924355777,0.017456359102244388,0.006650041562759767,0.6508728179551122,0.3491271820448878,0.057356608478802994,0.010806317539484621,0.0457190357439734,0.022443890274314215,0.015793848711554447,0.0199501246882793,0.00914380714879468,0.004987531172069825,0.004156275976724855,0.004156275976724855,0.0016625103906899418,0.18703241895261846,0.0008312551953449709,0.2660016625103907,0.1512884455527847,0.06733167082294264,0.05569409808811305,0.03574397339983375,0.022443890274314215,0.017456359102244388,0.8719866999168745,0.12801330008312553,0.4837905236907731,0.3873649210307564,0.12801330008312553,0.0008312551953449709,0.37489609310058186,0.0008312551953449709,0.6242726517040732
2022,3305554,2030,0.07389162561576355,0.3211822660098522,0.20344827586206896,0.13842364532019705,0.0832512315270936,0.039901477832512314,0.04334975369458128,0.03891625615763547,0.014778325123152709,0.00541871921182266,0.006896551724137931,0.008866995073891626,0.00541871921182266,0.004433497536945813,0.005911330049261084,0.0034482758620689655,0.0024630541871921183,0.026108374384236452,0.35073891625615766,0.19901477832512315,0.4064039408866995,0.015763546798029555,0.0019704433497536944,0.6339901477832512,0.36600985221674875,0.034975369458128076,0.030049261083743842,0.09408866995073892,0.04384236453201971,0.030541871921182268,0.027093596059113302,0.013793103448275862,0.008374384236453201,0.003940886699507389,0.0019704433497536944,0.0004926108374384236,0.13891625615763548,0.0004926108374384236,0.15615763546798028,0.11576354679802955,0.09211822660098522,0.07389162561576355,0.04384236453201971,0.04827586206896552,0.041379310344827586,0.9270935960591133,0.0729064039408867,0.6315270935960591,0.29310344827586204,0.0729064039408867,0.0024630541871921183,0.2665024630541872,0.001477832512315271,0.7320197044334975
2022,3305802,2139,0.01916783543712015,0.18513323983169705,0.15942028985507245,0.13931743805516597,0.10752688172043011,0.06077606358111267,0.06638616175783076,0.07339878447872837,0.021037868162692847,0.02664796633941094,0.015895278167367927,0.028985507246376812,0.028985507246376812,0.01729780271154745,0.016362786348761104,0.014492753623188406,0.01916783543712015,0.020570359981299673,0.6601215521271622,0.07760635811126694,0.23048153342683497,0.007947639083683964,0.0032725572697522207,0.6231884057971014,0.37681159420289856,0.07199625993454885,0.01168770453482936,0.04020570359981299,0.015427769985974754,0.012155212716222535,0.007947639083683964,0.006077606358111267,0.0037400654511453952,0.004675081813931743,0.0009350163627863488,0.0,0.22580645161290322,0.0004675081813931744,0.3062178588125292,0.12108461898083217,0.061711079943899017,0.035530621785881254,0.031790556334735855,0.024777933613838243,0.017765310892940627,0.83356708742403,0.16643291257597007,0.37868162692847124,0.4525479195885928,0.16643291257597007,0.0023375409069658717,0.43945769050958394,0.0,0.5605423094904161
2022,3306008,1756,0.021070615034168565,0.2505694760820046,0.22494305239179954,0.15148063781321183,0.09453302961275627,0.04555808656036447,0.05979498861047836,0.048405466970387244,0.026765375854214124,0.015375854214123007,0.007972665148063782,0.01366742596810934,0.013097949886104784,0.007972665148063782,0.007403189066059226,0.00683371298405467,0.004555808656036446,0.01651480637813212,0.44533029612756264,0.22266514806378132,0.296127562642369,0.01765375854214123,0.0017084282460136675,0.6167425968109339,0.38325740318906604,0.06662870159453303,0.019931662870159454,0.057517084282460135,0.03132118451025057,0.017084282460136675,0.014236902050113895,0.007972665148063782,0.004555808656036446,0.0028473804100227792,0.0005694760820045558,0.0005694760820045558,0.17312072892938496,0.0,0.24658314350797267,0.14066059225512528,0.0837129840546697,0.05296127562642369,0.033599088838268794,0.02733485193621868,0.01879271070615034,0.856492027334852,0.14350797266514806,0.46981776765375854,0.38439635535307515,0.14350797266514806,0.002277904328018223,0.3695899772209567,0.0011389521640091116,0.6292710706150342
2022,3306107,1191,0.031066330814441646,0.3140218303946264,0.17968094038623006,0.15029387069689337,0.07976490344248531,0.041981528127623846,0.05373635600335852,0.04785894206549118,0.022670025188916875,0.014273719563392108,0.012594458438287154,0.014273719563392108,0.01343408900083963,0.008396305625524769,0.0041981528127623844,0.005037783375314861,0.006717044500419815,0.015113350125944584,0.5029387069689337,0.15952980688497062,0.30142737195633923,0.017632241813602016,0.0033585222502099076,0.6565910999160369,0.3434089000839631,0.08144416456759027,0.01343408900083963,0.05793450881612091,0.020990764063811923,0.010075566750629723,0.006717044500419815,0.005877413937867338,0.0033585222502099076,0.0008396305625524769,0.0008396305625524769,0.0,0.17212426532325778,0.0,0.26364399664147775,0.11922753988245172,0.08228379513014274,0.055415617128463476,0.03442485306465155,0.038623005877413935,0.0327455919395466,0.8295549958018472,0.1704450041981528,0.42149454240134343,0.40470193115029385,0.1704450041981528,0.0033585222502099076,0.38287153652392947,0.0,0.6171284634760705
2022,3306206,754,0.03183023872679045,0.22811671087533156,0.21220159151193635,0.15517241379310345,0.09416445623342175,0.058355437665782495,0.05968169761273209,0.05305039787798409,0.025198938992042442,0.015915119363395226,0.010610079575596816,0.013262599469496022,0.010610079575596816,0.009283819628647215,0.010610079575596816,0.005305039787798408,0.006631299734748011,0.026525198938992044,0.4336870026525199,0.20689655172413793,0.3156498673740053,0.017241379310344827,0.0,0.636604774535809,0.363395225464191,0.08488063660477453,0.011936339522546418,0.04509283819628647,0.026525198938992044,0.013262599469496022,0.007957559681697613,0.009283819628647215,0.005305039787798408,0.002652519893899204,0.0,0.0,0.22413793103448276,0.0,0.22281167108753316,0.14058355437665782,0.09549071618037135,0.04774535809018567,0.03050397877984085,0.013262599469496022,0.01856763925729443,0.8209549071618037,0.17904509283819628,0.40981432360742703,0.40981432360742703,0.17904509283819628,0.001326259946949602,0.38992042440318303,0.006631299734748011,0.603448275862069
2022,3306305,5115,0.026392961876832845,0.17204301075268819,0.16930596285434996,0.14760508308895406,0.10068426197458455,0.05278592375366569,0.08484848484848485,0.07253176930596285,0.028934506353861193,0.024242424242424242,0.013685239491691105,0.02287390029325513,0.022482893450635387,0.01739980449657869,0.01603128054740958,0.011143695014662757,0.017008797653958945,0.018963831867057673,0.5401759530791789,0.15386119257087,0.26999022482893453,0.015444770283479962,0.0015640273704789834,0.5910068426197459,0.40899315738025416,0.09853372434017596,0.015444770283479962,0.04340175953079179,0.024242424242424242,0.017595307917888565,0.011730205278592375,0.006060606060606061,0.0064516129032258064,0.002541544477028348,0.002541544477028348,0.00039100684261974585,0.21642228739002933,0.00039100684261974585,0.256891495601173,0.1176930596285435,0.05767350928641251,0.04222873900293255,0.035581622678396874,0.02756598240469208,0.016617790811339198,0.8392961876832845,0.16070381231671554,0.4095796676441838,0.42756598240469207,0.16070381231671554,0.002150537634408602,0.4056695992179863,0.002737047898338221,0.5915933528836754
2023,3300100,2490,0.043775100401606426,0.24016064257028114,0.16907630522088354,0.13413654618473897,0.09236947791164658,0.06666666666666667,0.08835341365461848,0.04417670682730924,0.02650602409638554,0.02289156626506024,0.01606425702811245,0.00963855421686747,0.009236947791164659,0.007228915662650603,0.013654618473895583,0.007630522088353414,0.008433734939759036,0.012449799196787148,0.510441767068273,0.12971887550200803,0.3317269076305221,0.011244979919678716,0.004417670682730923,0.6417670682730924,0.3582329317269076,0.09718875502008033,0.013654618473895583,0.04819277108433735,0.02971887550200803,0.023694779116465864,0.01606425702811245,0.010843373493975903,0.005622489959839358,0.0036144578313253013,0.0036144578313253013,0.0008032128514056225,0.18835341365461847,0.0012048192771084338,0.25100401606425704,0.121285140562249,0.06345381526104418,0.040562248995983936,0.028112449799196786,0.027710843373493974,0.02530120481927711,0.8357429718875502,0.1642570281124498,0.43413654618473896,0.3963855421686747,0.1642570281124498,0.005220883534136547,0.37630522088353413,0.0012048192771084338,0.6224899598393574
2023,3300209,2044,0.057729941291585124,0.29207436399217224,0.16389432485322897,0.11545988258317025,0.08708414872798434,0.04500978473581213,0.07436399217221135,0.04452054794520548,0.026908023483365948,0.018590998043052837,0.01223091976516634,0.015166340508806261,0.010273972602739725,0.010763209393346379,0.009784735812133072,0.007338551859099804,0.008806262230919765,0.015655577299412915,0.43199608610567514,0.1805283757338552,0.35909980430528377,0.010763209393346379,0.0019569471624266144,0.6355185909980431,0.36448140900195697,0.0684931506849315,0.014677103718199608,0.05283757338551859,0.029354207436399216,0.022504892367906065,0.023483365949119372,0.01223091976516634,0.008806262230919765,0.003913894324853229,0.0019569471624266144,0.0014677103718199608,0.16829745596868884,0.0004892367906066536,0.2436399217221135,0.1531311154598826,0.087573385518591,0.038649706457925634,0.023483365949119372,0.029354207436399216,0.015655577299412915,0.8605675146771037,0.1394324853228963,0.47309197651663404,0.3850293542074364,0.1394324853228963,0.002446183953033268,0.36007827788649704,0.0009784735812133072,0.6389432485322897
2023,3300308,1032,0.03682170542635659,0.25193798449612403,0.18507751937984496,0.1375968992248062,0.07945736434108527,0.046511627906976744,0.08236434108527131,0.04748062015503876,0.031007751937984496,0.03682170542635659,0.014534883720930232,0.006782945736434108,0.011627906976744186,0.009689922480620155,0.011627906976744186,0.005813953488372093,0.0048449612403100775,0.016472868217054265,0.4418604651162791,0.21511627906976744,0.31007751937984496,0.015503875968992248,0.0009689922480620155,0.6414728682170543,0.35852713178294576,0.10562015503875968,0.018410852713178296,0.030038759689922482,0.01744186046511628,0.016472868217054265,0.003875968992248062,0.0029069767441860465,0.0029069767441860465,0.001937984496124031,0.001937984496124031,0.001937984496124031,0.21705426356589147,0.0,0.29554263565891475,0.12693798449612403,0.061046511627906974,0.035852713178294575,0.023255813953488372,0.01744186046511628,0.01937984496124031,0.8071705426356589,0.1928294573643411,0.3178294573643411,0.4883720930232558,0.1928294573643411,0.0009689922480620155,0.4699612403100775,0.007751937984496124,0.5222868217054264
2023,3300407,2471,0.027519222986645085,0.2161068393363011,0.17280453257790368,0.14690408741400243,0.12019425333872925,0.06191825171995144,0.08822339133953865,0.04127883447996762,0.02225819506272764,0.02509105625252934,0.019830028328611898,0.010522055847834885,0.009307972480777013,0.008093889113719142,0.00971266693646297,0.010522055847834885,0.00971266693646297,0.010926750303520841,0.5536220153783893,0.14771347632537435,0.27600161877782275,0.010522055847834885,0.0012140833670578712,0.6086604613516795,0.3913395386483205,0.10360178065560502,0.017401861594496155,0.042492917847025496,0.018615944961554026,0.016187778227438283,0.010522055847834885,0.008903278025091057,0.003642250101173614,0.003237555645487657,0.0020234722784297854,0.0008093889113719142,0.22986645082962365,0.0008093889113719142,0.2679077296641036,0.11736139214892756,0.057061918251719954,0.036422501011736136,0.02509105625252934,0.02387697288547147,0.014164305949008499,0.8219344394981789,0.17806556050182112,0.3650343990287333,0.45366248482395793,0.17806556050182112,0.003237555645487657,0.4394981788749494,0.0012140833670578712,0.5592877377579927
2023,3300456,4485,0.09921962095875139,0.39710144927536234,0.20758082497212932,0.1246376811594203,0.06020066889632107,0.03166109253065775,0.03946488294314381,0.015384615384615385,0.008026755852842809,0.005574136008918618,0.002229654403567447,0.002229654403567447,0.0026755852842809363,0.002229654403567447,0.0013377926421404682,0.0002229654403567447,0.0002229654403567447,0.019175027870680046,0.28963210702341136,0.25507246376811593,0.4180602006688963,0.013377926421404682,0.0046822742474916385,0.6450390189520624,0.35496098104793755,0.03835005574136009,0.021627647714604237,0.07937569676700111,0.037235228539576365,0.030100334448160536,0.028093645484949834,0.01850613154960981,0.013600891861761426,0.010479375696767,0.003121516164994426,0.001560758082497213,0.13935340022296544,0.0008918617614269788,0.2124860646599777,0.1286510590858417,0.08651059085841695,0.048383500557413604,0.03901895206243032,0.03701226309921962,0.02564102564102564,0.9270903010033444,0.07290969899665552,0.5988851727982163,0.3250836120401338,0.07290969899665552,0.003121516164994426,0.30390189520624306,0.002452619843924192,0.6936454849498328
2023,3300605,1118,0.049194991055456175,0.29874776386404295,0.1967799642218247,0.12254025044722719,0.08586762075134168,0.04025044722719141,0.05992844364937388,0.046511627906976744,0.0259391771019678,0.017889087656529516,0.018783542039355994,0.008944543828264758,0.006261180679785331,0.007155635062611807,0.008050089445438283,0.0017889087656529517,0.005366726296958855,0.011627906976744186,0.5098389982110912,0.17531305903398928,0.2924865831842576,0.008050089445438283,0.0026833631484794273,0.5974955277280859,0.40250447227191416,0.10286225402504472,0.01073345259391771,0.04293381037567084,0.023255813953488372,0.01520572450805009,0.007155635062611807,0.008944543828264758,0.0008944543828264759,0.0017889087656529517,0.0008944543828264759,0.0008944543828264759,0.23076923076923078,0.0,0.2558139534883721,0.13059033989266547,0.0626118067978533,0.04293381037567084,0.027728085867620753,0.023255813953488372,0.01073345259391771,0.8067978533094812,0.19320214669051877,0.36493738819320215,0.4418604651162791,0.19320214669051877,0.0,0.42486583184257604,0.004472271914132379,0.5706618962432916
2023,3300704,4086,0.040626529613313755,0.2359275575134606,0.18086147821830642,0.12506118453255016,0.08688203622124327,0.04601076847772883,0.08370044052863436,0.04503181595692609,0.02887909936368086,0.02569750367107195,0.01860009789525208,0.014684287812041116,0.011013215859030838,0.015418502202643172,0.013705335291238374,0.012726382770435633,0.015173764072442487,0.01443954968184043,0.48580518844836024,0.16079295154185022,0.32476749877630934,0.011013215859030838,0.0031815956926089083,0.6292217327459618,0.3707782672540382,0.07366617719040626,0.014194811551639746,0.05873715124816446,0.030347528144884974,0.021047479197258932,0.016397454723445913,0.011747430249632892,0.007342143906020558,0.004894762604013705,0.0012236906510034262,0.0014684287812041115,0.171071953010279,0.0004894762604013706,0.25281448849730787,0.12677435144395496,0.07513460597161038,0.048458149779735685,0.029123837493881546,0.029613313754282916,0.025452765540871267,0.8443465491923642,0.15565345080763582,0.4586392559960842,0.381057268722467,0.15565345080763582,0.00465002447381302,0.35633871757219776,0.0022026431718061676,0.6414586392559961
2023,3300803,906,0.06291390728476821,0.33002207505518766,0.18874172185430463,0.11368653421633554,0.08609271523178808,0.05408388520971302,0.06512141280353201,0.029801324503311258,0.01545253863134658,0.018763796909492272,0.00772626931567329,0.0033112582781456954,0.005518763796909493,0.005518763796909493,0.004415011037527594,0.006622516556291391,0.002207505518763797,0.008830022075055188,0.37748344370860926,0.1600441501103753,0.4304635761589404,0.019867549668874173,0.0033112582781456954,0.6578366445916115,0.34216335540838855,0.06622516556291391,0.02207505518763797,0.06291390728476821,0.03642384105960265,0.01545253863134658,0.02097130242825607,0.012141280353200883,0.005518763796909493,0.008830022075055188,0.0011037527593818985,0.0,0.1401766004415011,0.0,0.2163355408388521,0.16556291390728478,0.08830022075055188,0.052980132450331126,0.025386313465783666,0.03200883002207505,0.02759381898454746,0.8609271523178808,0.1390728476821192,0.5353200883002207,0.32339955849889623,0.1390728476821192,0.002207505518763797,0.304635761589404,0.0011037527593818985,0.6942604856512141
2023,3301009,8619,0.05754727926673628,0.3076923076923077,0.17310592876203737,0.10917739877015895,0.07286228100707738,0.036547163243995824,0.06160807518273582,0.035618981320338784,0.02633716208376842,0.024596820976911474,0.018911706694512125,0.013458637893027033,0.012414433228912867,0.014966933518969718,0.012530455969369997,0.012530455969369997,0.010093978419770276,0.014038751595312681,0.46200255250029004,0.21162547859380437,0.30247128437173687,0.008237614572456201,0.0016243183663998144,0.6529759832927253,0.3470240167072746,0.07297830374753451,0.018679661213597865,0.06822137138879221,0.03596704954171018,0.02320454809142592,0.016011138183083886,0.012530455969369997,0.009281819236570368,0.005337046061027961,0.002552500290056851,0.0015082956259426848,0.16161967745678152,0.0,0.22357582086088873,0.13029353753335654,0.08086785009861933,0.05012182387747999,0.03179023088525351,0.030862048961596472,0.024596820976911474,0.8583362339018448,0.14166376609815523,0.4810302819352593,0.3742893607147001,0.14166376609815523,0.0030165912518853697,0.3465599257454461,0.0012762501450284255,0.6521638241095254
2023,3301306,556,0.052158273381294966,0.28776978417266186,0.18705035971223022,0.13309352517985612,0.07553956834532374,0.06115107913669065,0.06654676258992806,0.02697841726618705,0.02158273381294964,0.0341726618705036,0.01079136690647482,0.0035971223021582736,0.01079136690647482,0.008992805755395683,0.014388489208633094,0.0017985611510791368,0.0035971223021582736,0.02158273381294964,0.48201438848920863,0.16546762589928057,0.3129496402877698,0.017985611510791366,0.0,0.670863309352518,0.329136690647482,0.11690647482014388,0.01618705035971223,0.05755395683453238,0.03237410071942446,0.0341726618705036,0.01079136690647482,0.00539568345323741,0.00539568345323741,0.0035971223021582736,0.0,0.0,0.17266187050359713,0.0,0.22661870503597123,0.10251798561151079,0.06474820143884892,0.04136690647482014,0.03776978417266187,0.03597122302158273,0.03597122302158273,0.8129496402877698,0.18705035971223022,0.460431654676259,0.3489208633093525,0.18705035971223022,0.0035971223021582736,0.3363309352517986,0.0,0.6636690647482014
2023,3301702,14598,0.07987395533634745,0.35271955062337307,0.21009727359912317,0.12474311549527332,0.07254418413481299,0.03678586107685984,0.05076037813399096,0.02383888203863543,0.014111522126318674,0.010275380189066995,0.007329771201534457,0.003973147006439238,0.004384162214001918,0.0036306343334703384,0.0030141115221263186,0.0010960405535004796,0.0008220304151253596,0.013152486642005754,0.3376489930127415,0.2316070694615701,0.39827373612823674,0.015207562679819153,0.004110152075626798,0.6564597890121935,0.34354021098780657,0.04130702836004932,0.02096177558569667,0.0755582956569393,0.03884093711467324,0.02740101383751199,0.02438690231538567,0.018358679271133032,0.011508425811755036,0.007055761063159337,0.0032196191259076584,0.0009590354843129195,0.1514591039868475,0.00047951774215645977,0.1997533908754624,0.13255240443896424,0.08316207699684888,0.05767913412796274,0.0420605562405809,0.03514180024660912,0.028154541718043567,0.9208110700095904,0.07918892999040965,0.5952185230853542,0.3225784354021099,0.07918892999040965,0.0030141115221263186,0.3005891217975065,0.002055076037813399,0.6973558021646801
2023,3301850,626,0.0670926517571885,0.3242811501597444,0.1869009584664537,0.13258785942492013,0.04952076677316294,0.04313099041533546,0.06549520766773163,0.04153354632587859,0.025559105431309903,0.011182108626198083,0.011182108626198083,0.009584664536741214,0.003194888178913738,0.01437699680511182,0.011182108626198083,0.001597444089456869,0.001597444089456869,0.011182108626198083,0.3722044728434505,0.2268370607028754,0.3738019169329074,0.011182108626198083,0.004792332268370607,0.6693290734824281,0.3306709265175719,0.052715654952076675,0.011182108626198083,0.07028753993610223,0.02875399361022364,0.03194888178913738,0.020766773162939296,0.012779552715654952,0.012779552715654952,0.001597444089456869,0.001597444089456869,0.0,0.17252396166134185,0.0,0.24600638977635783,0.12619808306709265,0.06230031948881789,0.06230031948881789,0.036741214057507986,0.027156549520766772,0.022364217252396165,0.889776357827476,0.11022364217252396,0.4840255591054313,0.3977635782747604,0.11022364217252396,0.007987220447284345,0.3769968051118211,0.003194888178913738,0.6198083067092651
2023,3301876,521,0.05182341650671785,0.2591170825335892,0.22072936660268713,0.12092130518234165,0.05950095969289827,0.03262955854126679,0.09596928982725528,0.0345489443378119,0.03262955854126679,0.03262955854126679,0.019193857965451054,0.015355086372360844,0.01727447216890595,0.003838771593090211,0.0,0.003838771593090211,0.0,0.015355086372360844,0.4798464491362764,0.14971209213051823,0.3397312859884837,0.009596928982725527,0.005758157389635317,0.6621880998080614,0.3378119001919386,0.04798464491362764,0.013435700575815739,0.0690978886756238,0.030710172744721688,0.030710172744721688,0.019193857965451054,0.015355086372360844,0.005758157389635317,0.003838771593090211,0.0,0.003838771593090211,0.1746641074856046,0.0019193857965451055,0.2495201535508637,0.15738963531669867,0.06525911708253358,0.046065259117082535,0.023032629558541268,0.02495201535508637,0.01727447216890595,0.8925143953934741,0.10748560460652591,0.5335892514395394,0.3570057581573896,0.10748560460652591,0.0019193857965451055,0.32437619961612285,0.0019193857965451055,0.6737044145873321
2023,3301900,3531,0.08297932596998017,0.3469272160860946,0.1880487114131974,0.12715944491645426,0.07759841404701218,0.044746530727839136,0.05494194279241008,0.02322288303596715,0.010761823845935995,0.014726706315491363,0.0076465590484282074,0.0053809119229679975,0.002548853016142736,0.003964882469555367,0.00594732370433305,0.0019824412347776836,0.001416029453412631,0.015293118096856415,0.32851883319173036,0.2041914471821014,0.43755310110450296,0.013027470971396206,0.001416029453412631,0.6542056074766355,0.34579439252336447,0.055791560464457664,0.0184083828943642,0.07165109034267912,0.03993203058623619,0.02463891248937978,0.028603794958935145,0.018691588785046728,0.012461059190031152,0.004531294250920419,0.002548853016142736,0.001416029453412631,0.15859529878221468,0.0002832058906825262,0.19852732936845086,0.13027470971396204,0.0875106202209006,0.05380911922967998,0.03540073633531578,0.03115264797507788,0.025771736052109882,0.8957802322288304,0.10421976777116965,0.5635797224582272,0.3276692155196828,0.10421976777116965,0.004531294250920419,0.3027470971396205,0.0022656471254602095,0.6949872557349193
2023,3302007,2206,0.07932910244786945,0.31504986400725293,0.18812330009066183,0.12375339981867634,0.07796917497733455,0.04623753399818677,0.06980961015412511,0.03127833182230281,0.017679057116953764,0.01586582048957389,0.01314596554850408,0.0058930190389845875,0.004079782411604714,0.004986400725294651,0.003626473254759746,0.001813236627379873,0.0013599274705349048,0.011786038077969175,0.371260199456029,0.1826835902085222,0.4111514052583862,0.01813236627379873,0.004986400725294651,0.6536718041704442,0.34632819582955576,0.04397098821396192,0.019945602901178604,0.06300997280145058,0.03309156844968268,0.02629193109700816,0.027198549410698096,0.016772438803263828,0.009972801450589302,0.004986400725294651,0.004079782411604714,0.0022665457842248413,0.15457842248413417,0.0,0.22620126926563916,0.12783318223028106,0.0815956482320943,0.053943789664551225,0.04623753399818677,0.03309156844968268,0.024932003626473256,0.9066183136899365,0.09338168631006347,0.5516772438803264,0.3499546690843155,0.09338168631006347,0.004986400725294651,0.3322756119673617,0.0013599274705349048,0.6663644605621033
2023,3302106,818,0.029339853300733496,0.3092909535452323,0.16992665036674817,0.1625916870415648,0.08801955990220049,0.0488997555012225,0.07212713936430318,0.028117359413202935,0.023227383863080684,0.018337408312958436,0.014669926650366748,0.013447432762836185,0.003667481662591687,0.006112469437652812,0.004889975550122249,0.004889975550122249,0.0024449877750611247,0.008557457212713936,0.6112469437652812,0.1136919315403423,0.2530562347188264,0.012224938875305624,0.0012224938875305623,0.6112469437652812,0.38875305623471884,0.09902200488997555,0.011002444987775062,0.039119804400977995,0.019559902200488997,0.004889975550122249,0.004889975550122249,0.006112469437652812,0.003667481662591687,0.0012224938875305623,0.0012224938875305623,0.0,0.27506112469437655,0.0,0.2591687041564792,0.11491442542787286,0.05867970660146699,0.042787286063569685,0.02444987775061125,0.019559902200488997,0.014669926650366748,0.7811735941320294,0.21882640586797067,0.3545232273838631,0.4254278728606357,0.21882640586797067,0.0012224938875305623,0.4119804400977995,0.0012224938875305623,0.58679706601467
2023,3302205,2320,0.034913793103448276,0.2775862068965517,0.1724137931034483,0.12758620689655173,0.0814655172413793,0.056896551724137934,0.07586206896551724,0.041379310344827586,0.032758620689655175,0.03017241379310345,0.015517241379310345,0.01163793103448276,0.014224137931034483,0.009051724137931035,0.006896551724137931,0.00603448275862069,0.005603448275862069,0.01206896551724138,0.5047413793103448,0.15344827586206897,0.3163793103448276,0.009051724137931035,0.004310344827586207,0.6211206896551724,0.3788793103448276,0.10689655172413794,0.009913793103448277,0.0353448275862069,0.01939655172413793,0.011206896551724138,0.00646551724137931,0.004310344827586207,0.002586206896551724,0.001293103448275862,0.0008620689655172414,0.0,0.2646551724137931,0.0,0.2952586206896552,0.11120689655172414,0.04655172413793104,0.029310344827586206,0.028017241379310345,0.014655172413793103,0.01206896551724138,0.7978448275862069,0.2021551724137931,0.3064655172413793,0.48879310344827587,0.2021551724137931,0.002586206896551724,0.4702586206896552,0.0017241379310344827,0.5280172413793104
2023,3302270,1306,0.1110260336906585,0.43644716692189894,0.20673813169984687,0.10566615620214395,0.052833078101071976,0.02526799387442573,0.03139356814701378,0.010719754977029096,0.006891271056661562,0.008422664624808576,0.002297090352220521,0.0015313935681470138,0.0007656967840735069,0.0,0.0,0.0,0.0,0.009188361408882083,0.24196018376722817,0.28101071975497705,0.4433384379785605,0.020673813169984685,0.0038284839203675345,0.6799387442572741,0.32006125574272587,0.027565084226646247,0.022970903522205207,0.07427258805513016,0.04211332312404288,0.039816232771822356,0.0222052067381317,0.010719754977029096,0.006125574272588055,0.0038284839203675345,0.0015313935681470138,0.0007656967840735069,0.13782542113323124,0.0,0.21822358346094947,0.13705972434915772,0.08805513016845329,0.05972434915773354,0.04670750382848392,0.033690658499234305,0.02679938744257274,0.9257274119448698,0.07427258805513016,0.5650842266462481,0.35911179173047475,0.07427258805513016,0.0015313935681470138,0.33767228177641656,0.0015313935681470138,0.6607963246554365
2023,3302403,5203,0.046511627906976744,0.21929655967710937,0.16509705938881414,0.12031520276763406,0.08399000576590429,0.053046319431097444,0.07860849509898135,0.04939458004997117,0.027676340572746493,0.024601191620219103,0.025754372477416874,0.018066500096098406,0.013261579857774361,0.019219680953296174,0.01883528733423025,0.017105516048433595,0.019219680953296174,0.01537574476263694,0.42437055544877955,0.18297136267537958,0.3632519700172977,0.011339611762444744,0.0026907553334614646,0.6317509129348453,0.36824908706515475,0.070344032289064,0.019411877762829138,0.06957524505093216,0.03978473957332308,0.028060734191812417,0.021333845858158753,0.011147414952911782,0.007303478762252546,0.005765904285988853,0.0019219680953296175,0.0003843936190659235,0.15760138381702865,0.0003843936190659235,0.226215644820296,0.12646550067268883,0.07976167595617913,0.0482413991927734,0.03401883528733423,0.03152027676340573,0.02075725542955987,0.8431674034211032,0.15683259657889678,0.5100903325004805,0.32827215068229865,0.15683259657889678,0.0048049202383240435,0.31174322506246394,0.001537574476263694,0.6867192004612723
2023,3302502,3393,0.07161803713527852,0.3577954612437371,0.2027704096669614,0.12231063955201886,0.07662835249042145,0.036545829649277925,0.05776598880047156,0.024167403477748307,0.015620394930739759,0.011494252873563218,0.0073681108163866785,0.0029472443265546712,0.0038314176245210726,0.0029472443265546712,0.0029472443265546712,0.0017683465959328027,0.0014736221632773356,0.014146772767462422,0.3309755378720896,0.2366637194223401,0.3999410551134689,0.016209843796050692,0.00206307102858827,0.6560565870910698,0.34394341290893016,0.046861184792219276,0.018272914824638962,0.06896551724137931,0.040377247273798995,0.0215148835838491,0.0206307102858827,0.01444149720011789,0.011494252873563218,0.0058944886531093425,0.00206307102858827,0.0011788977306218685,0.15443560271146478,0.0002947244326554671,0.23017978190391983,0.1329207191276157,0.08458591217211907,0.05275567344532862,0.038903625110521665,0.03065134099616858,0.02357795461243737,0.9142351900972591,0.08576480990274093,0.5623342175066313,0.3489537282640731,0.08576480990274093,0.0029472443265546712,0.33244916003536695,0.002652519893899204,0.6648983200707339
2023,3302601,484,0.05785123966942149,0.2396694214876033,0.15702479338842976,0.14669421487603307,0.07024793388429752,0.04338842975206612,0.10537190082644628,0.05165289256198347,0.028925619834710745,0.022727272727272728,0.01859504132231405,0.01652892561983471,0.01652892561983471,0.014462809917355372,0.006198347107438017,0.002066115702479339,0.002066115702479339,0.01652892561983471,0.44834710743801653,0.1384297520661157,0.371900826446281,0.01859504132231405,0.006198347107438017,0.7169421487603306,0.2830578512396694,0.05991735537190083,0.012396694214876033,0.045454545454545456,0.024793388429752067,0.01652892561983471,0.01652892561983471,0.010330578512396695,0.014462809917355372,0.002066115702479339,0.002066115702479339,0.002066115702479339,0.18801652892561985,0.002066115702479339,0.24173553719008264,0.12603305785123967,0.08677685950413223,0.047520661157024795,0.0371900826446281,0.028925619834710745,0.03512396694214876,0.8863636363636364,0.11363636363636363,0.5289256198347108,0.3574380165289256,0.11363636363636363,0.0,0.3367768595041322,0.004132231404958678,0.6590909090909091
2023,3302700,3334,0.041391721655668866,0.22435512897420515,0.16556688662267546,0.1349730053989202,0.08938212357528494,0.05248950209958008,0.09418116376724656,0.04499100179964007,0.03269346130773845,0.032993401319736056,0.022495500899820036,0.010197960407918417,0.016196760647870425,0.013797240551889621,0.011397720455908818,0.008998200359928014,0.003899220155968806,0.02009598080383923,0.4688062387522495,0.14517096580683864,0.3599280143971206,0.005098980203959208,0.0008998200359928015,0.6166766646670666,0.3833233353329334,0.0647870425914817,0.014697060587882423,0.04559088182363527,0.026394721055788842,0.021295740851829635,0.020995800839832032,0.01229754049190162,0.013197360527894421,0.005698860227954409,0.004499100179964007,0.0020995800839832034,0.1859628074385123,0.0011997600479904018,0.24625074985002998,0.1367726454709058,0.07858428314337132,0.04409118176364727,0.033593281343731254,0.02489502099580084,0.017096580683863227,0.8653269346130774,0.1346730653869226,0.49400119976004797,0.3677264547090582,0.1346730653869226,0.003599280143971206,0.35182963407318535,0.002999400119976005,0.6451709658068386
2023,3302858,2592,0.09066358024691358,0.34837962962962965,0.2056327160493827,0.11226851851851852,0.06597222222222222,0.03935185185185185,0.04861111111111111,0.029320987654320986,0.016975308641975308,0.013888888888888888,0.0073302469135802465,0.005787037037037037,0.0038580246913580245,0.007716049382716049,0.0019290123456790122,0.0015432098765432098,0.0007716049382716049,0.008487654320987654,0.32330246913580246,0.25887345679012347,0.3966049382716049,0.011188271604938271,0.0015432098765432098,0.6431327160493827,0.3568672839506173,0.037037037037037035,0.020833333333333332,0.09027777777777778,0.03742283950617284,0.036265432098765434,0.026234567901234566,0.021219135802469136,0.016203703703703703,0.011188271604938271,0.004629629629629629,0.0038580246913580245,0.1412037037037037,0.0019290123456790122,0.18364197530864199,0.11033950617283951,0.08217592592592593,0.05246913580246913,0.04822530864197531,0.03973765432098766,0.03510802469135803,0.9259259259259259,0.07407407407407407,0.6377314814814815,0.28510802469135804,0.07407407407407407,0.0030864197530864196,0.26157407407407407,0.0019290123456790122,0.7364969135802469
2023,3302908,790,0.03670886075949367,0.2670886075949367,0.23291139240506328,0.15443037974683543,0.07721518987341772,0.03417721518987342,0.06329113924050633,0.02531645569620253,0.024050632911392405,0.016455696202531647,0.0189873417721519,0.008860759493670886,0.0037974683544303796,0.008860759493670886,0.010126582278481013,0.012658227848101266,0.005063291139240506,0.013924050632911392,0.41645569620253164,0.17341772151898735,0.3759493670886076,0.017721518987341773,0.002531645569620253,0.6303797468354431,0.369620253164557,0.056962025316455694,0.008860759493670886,0.056962025316455694,0.030379746835443037,0.015189873417721518,0.010126582278481013,0.007594936708860759,0.0012658227848101266,0.0037974683544303796,0.0037974683544303796,0.0,0.17848101265822786,0.0,0.2936708860759494,0.15443037974683543,0.0670886075949367,0.05189873417721519,0.02911392405063291,0.013924050632911392,0.016455696202531647,0.8544303797468354,0.14556962025316456,0.39367088607594936,0.45949367088607596,0.14556962025316456,0.0012658227848101266,0.44556962025316454,0.0,0.5544303797468354
2023,3303005,574,0.047038327526132406,0.3362369337979094,0.20034843205574912,0.13414634146341464,0.078397212543554,0.041811846689895474,0.041811846689895474,0.04006968641114982,0.020905923344947737,0.01916376306620209,0.012195121951219513,0.008710801393728223,0.003484320557491289,0.003484320557491289,0.005226480836236934,0.005226480836236934,0.0017421602787456446,0.008710801393728223,0.39547038327526135,0.2456445993031359,0.32926829268292684,0.017421602787456445,0.003484320557491289,0.6045296167247387,0.39547038327526135,0.12195121951219512,0.012195121951219513,0.04355400696864112,0.017421602787456445,0.012195121951219513,0.0017421602787456446,0.0017421602787456446,0.006968641114982578,0.0,0.0017421602787456446,0.0,0.21951219512195122,0.0,0.27177700348432055,0.08362369337979095,0.0627177700348432,0.05400696864111498,0.036585365853658534,0.027874564459930314,0.024390243902439025,0.7578397212543554,0.2421602787456446,0.37630662020905925,0.38153310104529614,0.2421602787456446,0.0,0.37456445993031356,0.0,0.6254355400696864
2023,3303203,3969,0.06374401612496851,0.29755605946082136,0.20131015369110608,0.13000755857898716,0.08163265306122448,0.0435878054925674,0.0692869740488788,0.0345175107079869,0.020156210632401108,0.01839254220206601,0.01310153691106072,0.009574200050390527,0.0045351473922902496,0.005794910556815319,0.004031242126480222,0.0022675736961451248,0.0005039052658100278,0.013605442176870748,0.36684303350970016,0.22247417485512724,0.3885109599395314,0.008314436885865457,0.0002519526329050139,0.6321491559586798,0.36785084404132024,0.04509952128999748,0.023683547493071302,0.07407407407407407,0.03955656336608718,0.02922650541698161,0.023935500125976318,0.021667926429831192,0.014613252708490804,0.011589821113630638,0.004283194759385236,0.002771478961955152,0.15495086923658352,0.0007558578987150416,0.18417737465356512,0.1254724111866969,0.08163265306122448,0.059208868732678256,0.039052658100277145,0.036029226505416984,0.02821869488536155,0.909800957420005,0.09019904257999496,0.6140085663895187,0.29503653313177125,0.09019904257999496,0.0007558578987150416,0.2751322751322751,0.0022675736961451248,0.7226001511715797
2023,3303302,13969,0.04438399312763977,0.18813086119264086,0.13393943732550648,0.08898274751234878,0.06815090557663397,0.04467034147039874,0.0747369174600902,0.05154270169661393,0.03400386570262725,0.03343116901710931,0.03343116901710931,0.025771350848306965,0.022478344906578854,0.031140382275037584,0.036509413701768204,0.03679576204452717,0.05190063712506264,0.01503328799484573,0.5650368673491302,0.15205097000501108,0.2572839859689312,0.007946166511561315,0.002648722170520438,0.5888037797981244,0.4111962202018756,0.09921970076598181,0.017252487651227718,0.06908153769060062,0.037296871644355356,0.024053260791753166,0.019758035650368672,0.01589233302312263,0.012957262509843224,0.008304101940010022,0.004724747655522944,0.0022191996563819885,0.17180900565537977,0.0006442837712076742,0.19156704130574845,0.11539838213186342,0.06829407974801346,0.050970005011096,0.03536402033073233,0.032071014389004227,0.023122628677786528,0.8153053189204668,0.18469468107953324,0.5275968215333954,0.2848450139594817,0.18469468107953324,0.002863483427589663,0.2670914167084258,0.0011453933710358652,0.7317631899205383
2023,3303401,4225,0.02272189349112426,0.19644970414201182,0.18579881656804734,0.141301775147929,0.10792899408284023,0.05798816568047337,0.08710059171597632,0.03976331360946746,0.029585798816568046,0.027928994082840237,0.02177514792899408,0.01349112426035503,0.012071005917159764,0.01514792899408284,0.01088757396449704,0.013727810650887575,0.016331360946745564,0.009230769230769232,0.659171597633136,0.11928994082840237,0.20047337278106508,0.009704142011834319,0.0021301775147928993,0.6229585798816568,0.3770414201183432,0.1093491124260355,0.010414201183431953,0.036923076923076927,0.015384615384615385,0.010414201183431953,0.01088757396449704,0.004497041420118343,0.004260355029585799,0.00378698224852071,0.001183431952662722,0.00047337278106508875,0.2276923076923077,0.00023668639053254438,0.2762130177514793,0.12355029585798817,0.06603550295857988,0.040946745562130175,0.02177514792899408,0.018224852071005916,0.01775147928994083,0.7848520710059171,0.21514792899408283,0.354792899408284,0.429112426035503,0.21514792899408283,0.0009467455621301775,0.4120710059171598,0.0009467455621301775,0.58698224852071
2023,3303500,14344,0.08456497490239821,0.35164528722810934,0.18753485778025655,0.11468209704406024,0.07459564974902398,0.03708867819297267,0.05437813720022309,0.026979921918572226,0.01645287228109314,0.014152258784160624,0.009063022866703848,0.006344116006692694,0.005646960401561629,0.006134969325153374,0.005158951477969883,0.002788622420524261,0.002788622420524261,0.012827663134411601,0.3427216954824317,0.2306190741773564,0.3984941438929169,0.01324595649749024,0.002091466815393196,0.6562325711098718,0.3437674288901283,0.0534718349135527,0.02363357501394311,0.07564138315672057,0.04127161182375906,0.028583379810373677,0.027189068600111544,0.01826547685443391,0.01324595649749024,0.008714445064138316,0.003834355828220859,0.001324595649749024,0.15232849972113777,0.0004880089235917457,0.19199665365309537,0.11907417735638595,0.07843000557724485,0.054726715002788626,0.0416201896263246,0.03653095370886782,0.029629113218070272,0.9098577802565533,0.09014221974344673,0.5959983268265476,0.3100250976017847,0.09014221974344673,0.003834355828220859,0.29141104294478526,0.0021611823759063024,0.7064277746793084
2023,3303609,926,0.05075593952483801,0.2991360691144708,0.21490280777537796,0.13714902807775378,0.07991360691144708,0.04103671706263499,0.07235421166306695,0.029157667386609073,0.019438444924406047,0.020518358531317494,0.012958963282937365,0.0064794816414686825,0.005399568034557235,0.004319654427645789,0.0032397408207343412,0.0010799136069114472,0.0021598272138228943,0.012958963282937365,0.3952483801295896,0.1857451403887689,0.3898488120950324,0.014038876889848811,0.0021598272138228943,0.6468682505399568,0.3531317494600432,0.03995680345572354,0.019438444924406047,0.0550755939524838,0.04103671706263499,0.03023758099352052,0.019438444924406047,0.016198704103671708,0.012958963282937365,0.005399568034557235,0.0032397408207343412,0.0010799136069114472,0.15766738660907129,0.0,0.19654427645788336,0.12311015118790497,0.09827213822894168,0.06479481641468683,0.04967602591792657,0.03455723542116631,0.03131749460043196,0.8844492440604752,0.11555075593952484,0.5356371490280778,0.3466522678185745,0.11555075593952484,0.0021598272138228943,0.3304535637149028,0.0,0.6695464362850972
2023,3303708,629,0.046104928457869634,0.3370429252782194,0.1907790143084261,0.11446740858505565,0.09538950715421304,0.05087440381558029,0.058823529411764705,0.030206677265500796,0.02066772655007949,0.01589825119236884,0.001589825119236884,0.011128775834658187,0.001589825119236884,0.00794912559618442,0.003179650238473768,0.006359300476947536,0.00794912559618442,0.014308426073131956,0.4467408585055644,0.20508744038155802,0.32273449920508746,0.009538950715421303,0.001589825119236884,0.6613672496025437,0.3386327503974563,0.0492845786963434,0.012718600953895072,0.07154213036565978,0.025437201907790145,0.009538950715421303,0.019077901430842606,0.01589825119236884,0.006359300476947536,0.006359300476947536,0.0,0.0,0.17647058823529413,0.0,0.28298887122416533,0.11446740858505565,0.07790143084260731,0.03815580286168521,0.03656597774244833,0.03815580286168521,0.019077901430842606,0.8521462639109698,0.1478537360890302,0.4578696343402226,0.39109697933227344,0.1478537360890302,0.003179650238473768,0.383147853736089,0.0,0.6168521462639109
2023,3303807,820,0.03780487804878049,0.14390243902439023,0.16707317073170733,0.13902439024390245,0.10975609756097561,0.054878048780487805,0.10365853658536585,0.05731707317073171,0.03414634146341464,0.02804878048780488,0.03414634146341464,0.01951219512195122,0.02195121951219512,0.007317073170731708,0.01951219512195122,0.014634146341463415,0.007317073170731708,0.012195121951219513,0.49878048780487805,0.12804878048780488,0.34146341463414637,0.013414634146341463,0.006097560975609756,0.6378048780487805,0.3621951219512195,0.09268292682926829,0.012195121951219513,0.0475609756097561,0.018292682926829267,0.012195121951219513,0.015853658536585366,0.004878048780487805,0.004878048780487805,0.0024390243902439024,0.0,0.0,0.1951219512195122,0.0,0.24146341463414633,0.13902439024390245,0.07439024390243902,0.06097560975609756,0.026829268292682926,0.032926829268292684,0.018292682926829267,0.8341463414634146,0.16585365853658537,0.44878048780487806,0.38170731707317074,0.16585365853658537,0.003658536585365854,0.36097560975609755,0.0012195121951219512,0.6378048780487805
2023,3303906,4390,0.029840546697038724,0.19293849658314352,0.18519362186788155,0.1398633257403189,0.09749430523917996,0.04829157175398633,0.08314350797266515,0.04533029612756264,0.02665148063781321,0.02437357630979499,0.024829157175398634,0.013895216400911162,0.01457858769931663,0.01867881548974943,0.017312072892938495,0.01685649202733485,0.02072892938496583,0.01184510250569476,0.6107061503416856,0.12938496583143508,0.23348519362186787,0.010478359908883827,0.004100227790432802,0.6170842824601367,0.3829157175398633,0.07038724373576309,0.017312072892938495,0.05125284738041002,0.030068337129840545,0.0193621867881549,0.010933940774487472,0.009339407744874715,0.00683371298405467,0.004328018223234624,0.002050113895216401,0.000683371298405467,0.20227790432801823,0.00022779043280182233,0.2583143507972665,0.11958997722095673,0.07266514806378133,0.04441913439635535,0.030068337129840545,0.02733485193621868,0.02255125284738041,0.8416856492027335,0.15831435079726652,0.438496583143508,0.39954441913439637,0.15831435079726652,0.0036446469248291574,0.38633257403189064,0.0011389521640091116,0.6125284738041002
2023,3304144,2779,0.09643756747031307,0.37207628643396906,0.2141057934508816,0.11622885930190716,0.06261245052177042,0.025548758546239655,0.046059733717164444,0.023389708528247573,0.009355883411299028,0.013673983447283196,0.006477150053976251,0.00395825836631882,0.004318100035984167,0.0021590500179920835,0.0021590500179920835,0.0007196833393306944,0.0007196833393306944,0.016192875134940627,0.2911119107592659,0.2648434688736956,0.41093918675782654,0.014753508456279237,0.0021590500179920835,0.6531126304426053,0.34688736955739474,0.03922274199352285,0.02195034184958618,0.08168405901403382,0.04749910039582584,0.03166606693055056,0.024109391867578267,0.018711766822598057,0.012594458438287154,0.0057574667146455556,0.0014393666786613889,0.0,0.1273839510615329,0.0003598416696653472,0.20439006836991724,0.1317020510975171,0.08744152572867939,0.055415617128463476,0.039582583663188196,0.0388629003238575,0.030226700251889168,0.9251529327096077,0.07484706729039223,0.6020151133501259,0.3195394026628284,0.07484706729039223,0.0035984166966534724,0.29830874415257286,0.0014393666786613889,0.7002518891687658
2023,3304151,510,0.06470588235294118,0.2803921568627451,0.1843137254901961,0.12941176470588237,0.08235294117647059,0.041176470588235294,0.08431372549019608,0.043137254901960784,0.021568627450980392,0.021568627450980392,0.00784313725490196,0.0058823529411764705,0.013725490196078431,0.0058823529411764705,0.00784313725490196,0.00392156862745098,0.00196078431372549,0.00392156862745098,0.307843137254902,0.2549019607843137,0.4215686274509804,0.00784313725490196,0.00392156862745098,0.6196078431372549,0.3803921568627451,0.043137254901960784,0.01568627450980392,0.07058823529411765,0.01764705882352941,0.00784313725490196,0.01568627450980392,0.00980392156862745,0.00980392156862745,0.0058823529411764705,0.00392156862745098,0.0,0.1450980392156863,0.0,0.27647058823529413,0.1803921568627451,0.07647058823529412,0.03529411764705882,0.03137254901960784,0.025490196078431372,0.029411764705882353,0.884313725490196,0.11568627450980393,0.4647058823529412,0.4137254901960784,0.11568627450980393,0.0058823529411764705,0.3980392156862745,0.0,0.6019607843137255
2023,3304201,2683,0.024599329109206113,0.18486768542676107,0.18784942228848303,0.14386880357808424,0.079388743943347,0.05441669772642564,0.08982482295937383,0.049198658218412225,0.035035408125232946,0.035780842340663435,0.025717480432351846,0.0160268356317555,0.012299664554603056,0.01900857249347745,0.015654118524040254,0.013417815877748788,0.013045098770033545,0.014163250093179277,0.543421543048826,0.13641446142377936,0.2881103242638837,0.0160268356317555,0.0018635855385762206,0.6146105106224375,0.38538948937756246,0.0760342899739098,0.013417815877748788,0.04621692135669027,0.024599329109206113,0.01900857249347745,0.0126723816623183,0.008199776369735371,0.004099888184867686,0.0022363026462914647,0.0014908684308609765,0.0,0.20387625792023853,0.0,0.29034662691017515,0.11852404025344764,0.0659709280655982,0.04360790160268356,0.03056280283265002,0.02087215803205367,0.018263138278046962,0.8471859858367499,0.1528140141632501,0.4248975027953783,0.41669772642564296,0.1528140141632501,0.005590756615728662,0.396943719716735,0.002609019754006709,0.6004472605292583
2023,3304300,1712,0.051985981308411214,0.3171728971962617,0.19217289719626168,0.1536214953271028,0.07359813084112149,0.04264018691588785,0.05724299065420561,0.026285046728971962,0.017523364485981307,0.01985981308411215,0.015186915887850467,0.009345794392523364,0.005257009345794392,0.0011682242990654205,0.011098130841121495,0.002336448598130841,0.0035046728971962616,0.008177570093457943,0.3878504672897196,0.17406542056074767,0.40829439252336447,0.02161214953271028,0.0,0.6518691588785047,0.34813084112149534,0.06483644859813084,0.019275700934579438,0.054906542056074766,0.02161214953271028,0.016939252336448597,0.015771028037383176,0.009345794392523364,0.004672897196261682,0.0029205607476635513,0.0005841121495327102,0.0011682242990654205,0.1746495327102804,0.0,0.24240654205607476,0.1360981308411215,0.08820093457943926,0.05023364485981308,0.04088785046728972,0.026285046728971962,0.029205607476635514,0.8557242990654206,0.14427570093457945,0.4877336448598131,0.3662383177570093,0.14427570093457945,0.0017523364485981308,0.3422897196261682,0.002336448598130841,0.655373831775701
2023,3304524,4435,0.04892897406989853,0.2419391206313416,0.16505073280721533,0.1084554678692221,0.08928974069898535,0.051634723788049605,0.08455467869222097,0.05028184892897407,0.029537767756482525,0.028861330326944757,0.02164599774520857,0.015558060879368658,0.011499436302142051,0.016459977452085682,0.015332581736189402,0.01217587373167982,0.00879368658399098,0.016910935738444193,0.45253664036076663,0.1589627959413754,0.3560315670800451,0.012401352874859075,0.003156708004509583,0.6459977452085682,0.35400225479143177,0.07350620067643743,0.014430665163472379,0.06065388951521984,0.029086809470124014,0.026832018038331455,0.026606538895152198,0.013303269447576099,0.009244644870349492,0.006764374295377677,0.002931228861330327,0.0006764374295377678,0.17226606538895153,0.0006764374295377678,0.22277339346110483,0.1350620067643743,0.07508455467869223,0.043742953776775645,0.03494926719278467,0.029312288613303268,0.02209695603156708,0.84847801578354,0.15152198421646,0.5161217587373168,0.32784667418263813,0.15152198421646,0.004509582863585118,0.313641488162345,0.0009019165727170237,0.685456595264938
2023,3304557,116997,0.050514115746557606,0.2413138798430729,0.16225202355615956,0.1109088267220527,0.07503611203706077,0.04373616417514979,0.07024111729360581,0.04037710368641931,0.029009290836517175,0.026855389454430455,0.02250485055172355,0.017137191551920134,0.015598690564715335,0.019667170953101363,0.021658675008760907,0.02105182184158568,0.032137576177166935,0.01328239185620144,0.47462755455268085,0.1814320025299794,0.3192645965281161,0.00879509731018744,0.0025983572228347736,0.6023060420352658,0.3976939579647341,0.06789062967426515,0.019470584715847415,0.06650597878578084,0.03632571775344667,0.0260263083668812,0.02229971708676291,0.016453413335384668,0.012419121857825415,0.009068608596801628,0.004171047120866347,0.00194876791712608,0.1716796157166423,0.00087181722608272,0.2027060522919391,0.12022530492234844,0.0766686325290392,0.05144576356658718,0.03715479884099592,0.030881133704283015,0.02578698599109379,0.8649196133234186,0.13508038667658145,0.5590741642948109,0.30287956101438496,0.13508038667658145,0.002965888014222587,0.28731505936049645,0.0016496149473918134,0.7110353256921118
2023,3304706,959,0.03232533889468196,0.32429614181439,0.19395203336809178,0.14077163712200208,0.08550573514077164,0.058394160583941604,0.05735140771637122,0.028154327424400417,0.017726798748696558,0.01251303441084463,0.006256517205422315,0.005213764337851929,0.009384775808133473,0.006256517205422315,0.006256517205422315,0.008342022940563087,0.0072992700729927005,0.005213764337851929,0.5328467153284672,0.18665276329509906,0.264859228362878,0.008342022940563087,0.0020855057351407717,0.6673618352450469,0.33263816475495306,0.1032325338894682,0.01981230448383733,0.05526590198123045,0.026068821689259645,0.020855057351407715,0.0072992700729927005,0.004171011470281543,0.006256517205422315,0.0020855057351407717,0.0020855057351407717,0.0,0.1762252346193952,0.0,0.2502606882168926,0.12200208550573514,0.061522419186652764,0.047966631908237745,0.03753910323253389,0.03023983315954119,0.027111574556830033,0.8196037539103233,0.18039624608967675,0.48905109489051096,0.32429614181439,0.18039624608967675,0.006256517205422315,0.30656934306569344,0.0020855057351407717,0.6913451511991658
2023,3304755,565,0.0831858407079646,0.479646017699115,0.1663716814159292,0.09557522123893805,0.05486725663716814,0.03185840707964602,0.033628318584070796,0.021238938053097345,0.01415929203539823,0.008849557522123894,0.0017699115044247787,0.0017699115044247787,0.0017699115044247787,0.0017699115044247787,0.0017699115044247787,0.0017699115044247787,0.0,0.01415929203539823,0.4300884955752212,0.16106194690265488,0.3752212389380531,0.017699115044247787,0.0017699115044247787,0.6654867256637168,0.3345132743362832,0.03893805309734513,0.01592920353982301,0.03893805309734513,0.023008849557522124,0.019469026548672566,0.01415929203539823,0.007079646017699115,0.0,0.0,0.005309734513274336,0.0,0.2176991150442478,0.0,0.2849557522123894,0.11327433628318584,0.07256637168141593,0.0584070796460177,0.03716814159292035,0.033628318584070796,0.019469026548672566,0.904424778761062,0.09557522123893805,0.39469026548672564,0.5061946902654867,0.09557522123893805,0.0035398230088495575,0.4654867256637168,0.0,0.5345132743362832
2023,3304805,606,0.034653465346534656,0.2854785478547855,0.18316831683168316,0.11551155115511551,0.07590759075907591,0.04455445544554455,0.06105610561056106,0.05115511551155116,0.0297029702970297,0.026402640264026403,0.019801980198019802,0.01485148514851485,0.00825082508250825,0.024752475247524754,0.009900990099009901,0.01485148514851485,0.0,0.0165016501650165,0.5891089108910891,0.1188118811881188,0.264026402640264,0.00825082508250825,0.0033003300330033004,0.6237623762376238,0.37623762376237624,0.08745874587458746,0.009900990099009901,0.04785478547854786,0.0165016501650165,0.026402640264026403,0.009900990099009901,0.009900990099009901,0.013201320132013201,0.0033003300330033004,0.0016501650165016502,0.0,0.22937293729372937,0.0,0.23927392739273928,0.13366336633663367,0.06765676567656766,0.037953795379537955,0.0231023102310231,0.026402640264026403,0.0165016501650165,0.8267326732673267,0.17326732673267325,0.44224422442244227,0.38283828382838286,0.17326732673267325,0.0016501650165016502,0.35973597359735976,0.0,0.6402640264026402
2023,3304904,13917,0.06574692821728821,0.3164475102392757,0.20004311273981462,0.1300567651074226,0.08148307824962277,0.04562764963713444,0.06409427319106129,0.030610045268376806,0.019328878350219156,0.01595171373140763,0.009053675361069196,0.005532801609542287,0.004814255945965366,0.004742401379607674,0.0035927283178846018,0.0019400732916576848,0.0009341093626499964,0.013364949342530718,0.4110081195659984,0.20428253215491846,0.361644032478264,0.007904002299346123,0.0017963641589423009,0.6263562549400015,0.3736437450599986,0.05166343321118057,0.022418624703599913,0.06359129122655745,0.03262197312639218,0.02299346123446145,0.023496443198965294,0.019760005748365308,0.013867931307034563,0.00919738449378458,0.003952001149673061,0.0018682187252999929,0.15398433570453401,0.0006466910972192282,0.20363584105769922,0.13911044046849178,0.08514766113386506,0.05216641517568441,0.04002299346123446,0.033340518789969104,0.02651433498598836,0.8925055687288928,0.10749443127110728,0.5721779119063016,0.3173816196019257,0.10749443127110728,0.0029460372206653734,0.2948192857656104,0.002083782424373069,0.7030969318100165
2023,3305109,6973,0.07586404703857737,0.3338591710884842,0.21109995697691095,0.134518858454037,0.08030976624121612,0.03900760074573354,0.05377886132224294,0.02366269898178689,0.014484439982790764,0.01147282374874516,0.007600745733543668,0.005162770686935322,0.003441847124623548,0.00286820593718629,0.0010038720780152016,0.001434102968593145,0.0004302308905779435,0.013193747311056934,0.32109565466800516,0.24867345475405134,0.40384339595582963,0.010755772264448587,0.0024379750466083463,0.6430517711171662,0.3569482288828338,0.03570916391796931,0.02366269898178689,0.0731392513982504,0.033701419761938904,0.02810841818442564,0.027247956403269755,0.018643338591710884,0.011186003155026531,0.00860461781155887,0.0030116162340456045,0.0010038720780152016,0.15015058081170227,0.0001434102968593145,0.2026387494622114,0.13179406281371003,0.08661981930302595,0.053348630431664996,0.04173239638606052,0.036426215402265885,0.03312777857450165,0.9241359529614226,0.07586404703857737,0.6026100674028395,0.3183708590276782,0.07586404703857737,0.003155026530904919,0.30030116162340453,0.0015775132654524595,0.698121325111143
2023,3305208,1305,0.04061302681992337,0.21915708812260537,0.15938697318007664,0.12030651340996168,0.09808429118773947,0.05134099616858238,0.08735632183908046,0.04980842911877394,0.04674329501915709,0.045210727969348656,0.02528735632183908,0.014559386973180077,0.016091954022988506,0.009195402298850575,0.00842911877394636,0.004597701149425287,0.0038314176245210726,0.013026819923371647,0.47509578544061304,0.14636015325670498,0.34942528735632183,0.014559386973180077,0.0015325670498084292,0.6367816091954023,0.3632183908045977,0.07203065134099616,0.011494252873563218,0.059770114942528735,0.02375478927203065,0.019157088122605363,0.01532567049808429,0.009195402298850575,0.006896551724137931,0.0007662835249042146,0.0015325670498084292,0.0007662835249042146,0.1839080459770115,0.0,0.2567049808429119,0.1417624521072797,0.07586206896551724,0.03908045977011494,0.03371647509578544,0.03065134099616858,0.017624521072796936,0.8743295019157088,0.12567049808429118,0.4674329501915709,0.40229885057471265,0.12567049808429118,0.004597701149425287,0.3831417624521073,0.0015325670498084292,0.6153256704980843
2023,3305505,951,0.05573080967402734,0.26393270241850686,0.19032597266035753,0.1398527865404837,0.06624605678233439,0.0452155625657203,0.07255520504731862,0.04100946372239748,0.028391167192429023,0.016824395373291272,0.019978969505783387,0.01892744479495268,0.007360672975814932,0.010515247108307046,0.008412197686645636,0.007360672975814932,0.007360672975814932,0.010515247108307046,0.48475289169295477,0.138801261829653,0.35331230283911674,0.007360672975814932,0.005257623554153523,0.6172450052576236,0.38275499474237645,0.07045215562565721,0.014721345951629864,0.05362776025236593,0.025236593059936908,0.013669821240799159,0.014721345951629864,0.00946372239747634,0.008412197686645636,0.00946372239747634,0.005257623554153523,0.002103049421661409,0.22397476340694006,0.0,0.28496319663512093,0.11987381703470032,0.05152471083070452,0.03259726603575184,0.02103049421661409,0.027339642481598318,0.011566771819137749,0.8601472134595163,0.1398527865404837,0.3743427970557308,0.48264984227129337,0.1398527865404837,0.0031545741324921135,0.47108307045215564,0.002103049421661409,0.526813880126183
2023,3305554,2519,0.09487892020643113,0.3743549027391822,0.19928543072647875,0.12068281063914252,0.06788408098451766,0.028582770940849545,0.04644700277888051,0.02143707820563716,0.010321556173084558,0.0111155220325526,0.00833664152441445,0.003969829297340214,0.003572846367606193,0.001984914648670107,0.00277888050813815,0.0031758634378721714,0.0011909487892020642,0.014291385470424772,0.3556967050416832,0.20881302104009528,0.40571655418816993,0.011512504962286622,0.003969829297340214,0.6260420801905519,0.3739579198094482,0.026200873362445413,0.029773719730051607,0.1055974593092497,0.05518062723302898,0.03294958316792378,0.03056768558951965,0.020246129416435093,0.0166732830488289,0.003969829297340214,0.00277888050813815,0.0003969829297340214,0.10520047637951568,0.0,0.1885668916236602,0.11353711790393013,0.0813815005954744,0.06351726875744343,0.04843191742755062,0.04327113934100834,0.031758634378721715,0.9356887653830885,0.06431123461691148,0.6447002778880508,0.28900357284636763,0.06431123461691148,0.001984914648670107,0.2727272727272727,0.0011909487892020642,0.7260817784835252
2023,3305802,2356,0.026740237691001697,0.2071307300509338,0.17147707979626486,0.1273344651952462,0.08786078098471986,0.04838709677419355,0.08488964346349745,0.05135823429541596,0.029711375212224108,0.02928692699490662,0.02928692699490662,0.015280135823429542,0.013582342954159592,0.0233446519524618,0.019524617996604415,0.019100169779286927,0.015704584040747028,0.00933786078098472,0.6557724957555179,0.08828522920203735,0.23174872665534804,0.011460101867572157,0.003395585738539898,0.6209677419354839,0.3790322580645161,0.08955857385398981,0.011884550084889643,0.03904923599320883,0.02037351443123939,0.01825127334465195,0.008064516129032258,0.008913412563667233,0.004244482173174873,0.005942275042444821,0.0008488964346349745,0.00042444821731748726,0.20203735144312393,0.00042444821731748726,0.29796264855687604,0.11502546689303905,0.05899830220713073,0.04159592529711375,0.03183361629881155,0.025466893039049237,0.019100169779286927,0.8051782682512734,0.19482173174872666,0.39134125636672323,0.41171477079796265,0.19482173174872666,0.0021222410865874364,0.39855687606112056,0.0008488964346349745,0.6005942275042445
2023,3306008,2022,0.04500494559841741,0.29475766567754697,0.20870425321463898,0.13155291790306628,0.08160237388724036,0.04896142433234421,0.06330365974282888,0.03066271018793274,0.01533135509396637,0.02274975272007913,0.01533135509396637,0.008407517309594461,0.0034619188921859545,0.011374876360039565,0.00791295746785361,0.006923837784371909,0.003956478733926805,0.012363996043521267,0.43372898120672604,0.24777448071216618,0.2868447082096934,0.016320474777448073,0.002967359050445104,0.6419386745796242,0.3580613254203759,0.06033630069238378,0.01533135509396637,0.07072205736894165,0.033135509396636995,0.019287833827893175,0.021760633036597428,0.010385756676557863,0.004451038575667656,0.005440158259149357,0.0009891196834817012,0.0004945598417408506,0.15578635014836795,0.0004945598417408506,0.2551928783382789,0.13501483679525222,0.07665677546983185,0.049950544015825916,0.03412462908011869,0.027695351137487636,0.02274975272007913,0.8763600395647874,0.12363996043521266,0.48615232443125617,0.38822947576656774,0.12363996043521266,0.0019782393669634025,0.3664688427299703,0.0034619188921859545,0.6300692383778437
2023,3306107,1388,0.045389048991354465,0.32636887608069165,0.207492795389049,0.11887608069164265,0.07636887608069164,0.032420749279538905,0.061239193083573486,0.030979827089337175,0.02377521613832853,0.019452449567723344,0.018731988472622477,0.006484149855907781,0.005043227665706052,0.00792507204610951,0.006484149855907781,0.008645533141210375,0.004322766570605188,0.015129682997118156,0.49063400576368876,0.17939481268011528,0.3011527377521614,0.012968299711815562,0.0007204610951008645,0.6512968299711815,0.34870317002881845,0.09077809798270893,0.024495677233429394,0.05979827089337176,0.025936599423631124,0.01440922190201729,0.010806916426512969,0.005763688760806916,0.00792507204610951,0.001440922190201729,0.001440922190201729,0.0,0.18876080691642652,0.0,0.23991354466858789,0.09654178674351585,0.07564841498559077,0.04899135446685879,0.043227665706051875,0.029538904899135448,0.0345821325648415,0.7946685878962536,0.2053314121037464,0.4265129682997118,0.36527377521613835,0.2053314121037464,0.002881844380403458,0.3472622478386167,0.0007204610951008645,0.6520172910662824
2023,3306206,808,0.03341584158415842,0.21905940594059406,0.19183168316831684,0.15222772277227722,0.09405940594059406,0.054455445544554455,0.07301980198019802,0.043316831683168314,0.024752475247524754,0.02599009900990099,0.02599009900990099,0.008663366336633664,0.0037128712871287127,0.008663366336633664,0.012376237623762377,0.01608910891089109,0.012376237623762377,0.0049504950495049506,0.48267326732673266,0.19801980198019803,0.3056930693069307,0.007425742574257425,0.0012376237623762376,0.6324257425742574,0.36757425742574257,0.12376237623762376,0.009900990099009901,0.04702970297029703,0.019801980198019802,0.022277227722772276,0.009900990099009901,0.009900990099009901,0.0037128712871287127,0.0049504950495049506,0.0,0.0012376237623762376,0.18688118811881188,0.0,0.27351485148514854,0.1150990099009901,0.050742574257425746,0.04702970297029703,0.03094059405940594,0.03217821782178218,0.011138613861386138,0.818069306930693,0.18193069306930693,0.36633663366336633,0.4467821782178218,0.18193069306930693,0.0049504950495049506,0.42574257425742573,0.0037128712871287127,0.5705445544554455
2023,3306305,5436,0.02961736571008094,0.18469462840323767,0.1817512877115526,0.1390728476821192,0.0998896247240618,0.05739514348785872,0.09694628403237675,0.04525386313465784,0.03200883002207505,0.028145695364238412,0.01747608535688006,0.01545253863134658,0.012877115526122149,0.01784400294334069,0.015268579838116261,0.013061074319352465,0.013245033112582781,0.010853568800588667,0.536055923473142,0.1626195732155997,0.2766740250183959,0.011221486387049302,0.0025754231052244297,0.6076158940397351,0.3923841059602649,0.08646063281824871,0.01582045621780721,0.05261221486387049,0.025570272259013982,0.017292126563649743,0.01379690949227373,0.009013980868285504,0.0051508462104488595,0.006254598969830758,0.0025754231052244297,0.000919793966151582,0.21467991169977924,0.0,0.2512877115526122,0.12417218543046357,0.06217807211184695,0.03292862398822664,0.032560706401766004,0.025938189845474614,0.020787343635025754,0.8484179543782193,0.1515820456217807,0.4264164827078734,0.41887417218543044,0.1515820456217807,0.003127299484915379,0.40507726269315675,0.0007358351729212656,0.594186902133922
2024,3300100,2609,0.6880030663089306,0.3119969336910694,0.0,0.0,0.0,0.0,0.0,0.0,0.0,0.0,0.0,0.0,0.0,0.0,0.0,0.0,0.0,0.011115369873514757,0.5312380222307398,0.11690302798006899,0.32886163280950553,0.009198926791874281,0.0026830203142966655,0.6393254120352626,0.36067458796473745,0.10923725565350709,0.018014564967420467,0.05864315829819854,0.025297048677654272,0.025297048677654272,0.016481410502108086,0.009965504024530471,0.008049060942889995,0.0034495975469528554,0.0019164430816404753,0.0015331544653123803,0.19662706017631276,0.0007665772326561902,0.23188961287849752,0.12035262552702185,0.06400919892679187,0.036795707167497124,0.03219624377155998,0.019931008049060943,0.019547719432732848,0.8148715983135301,0.1851284016864699,0.43848217707934073,0.3664239172096589,0.1851284016864699,0.009965504024530471,0.3415101571483327,0.0011498658489842851,0.657339977002683
2024,3300209,2279,0.7551557700745941,0.2448442299254059,0.0,0.0,0.0,0.0,0.0,0.0,0.0,0.0,0.0,0.0,0.0,0.0,0.0,0.0,0.0,0.009653356735410267,0.4221149627029399,0.18560772268538833,0.3725318121983326,0.008336989907854322,0.0017551557700745941,0.6200087757788504,0.3799912242211496,0.08907415533128565,0.012724879333040808,0.046072838964458095,0.027643703378674857,0.02106186924089513,0.011408512505484861,0.01184730144800351,0.006581834137779728,0.004826678367705134,0.0008775778850372971,0.0017551557700745941,0.18736287845546293,0.0008775778850372971,0.25888547608600265,0.11891180342255375,0.0741553312856516,0.05353225098727512,0.036858271171566474,0.017990346643264588,0.017551557700745943,0.824045634050022,0.17595436594997807,0.419482229047828,0.4006143045195261,0.17595436594997807,0.003949100482667837,0.37691970162351907,0.0035103115401491883,0.6195699868363317
2024,3300308,1093,0.8051235132662397,0.1948764867337603,0.0,0.0,0.0,0.0,0.0,0.0,0.0,0.0,0.0,0.0,0.0,0.0,0.0,0.0,0.0,0.010064043915827997,0.45196706312900276,0.22781335773101555,0.29643183897529735,0.011893870082342177,0.0018298261665141812,0.6276303751143641,0.37236962488563585,0.09332113449222323,0.01555352241537054,0.04025617566331199,0.01646843549862763,0.011893870082342177,0.0054894784995425435,0.0027447392497712718,0.0009149130832570906,0.0036596523330283625,0.0009149130832570906,0.0009149130832570906,0.2250686184812443,0.0,0.31473010064043916,0.12076852698993595,0.06221408966148216,0.03385178408051235,0.021957913998170174,0.01555352241537054,0.013723696248856358,0.8069533394327539,0.19304666056724612,0.32479414455626715,0.48124428179322964,0.19304666056724612,0.0009149130832570906,0.4656907593778591,0.0036596523330283625,0.5306495882891126
2024,3300407,2738,0.7647918188458729,0.2352081811541271,0.0,0.0,0.0,0.0,0.0,0.0,0.0,0.0,0.0,0.0,0.0,0.0,0.0,0.0,0.0,0.007304601899196494,0.5504017531044558,0.1581446311176041,0.27574872169466763,0.00620891161431702,0.002191380569758948,0.620891161431702,0.379108838568298,0.1256391526661797,0.01095690284879474,0.03907962016070124,0.020452885317750184,0.014974433893352812,0.010591672753834916,0.007669831994156318,0.004382761139517896,0.002556610664718773,0.001095690284879474,0.0007304601899196494,0.23411249086924762,0.0003652300949598247,0.28013148283418554,0.10847333820306793,0.05368882395909423,0.0295836376917458,0.023009495982468955,0.015339663988312637,0.01716581446311176,0.8053323593864135,0.19466764061358657,0.3327246165084003,0.46968590211833455,0.19466764061358657,0.0029218407596785976,0.4565376186997809,0.004017531044558071,0.539444850255661
2024,3300456,5001,0.7318536292741452,0.26814637072585484,0.0,0.0,0.0,0.0,0.0,0.0,0.0,0.0,0.0,0.0,0.0,0.0,0.0,0.0,0.0,0.008198360327934412,0.28334333133373324,0.25374925014997,0.43691261747650467,0.014397120575884824,0.0033993201359728054,0.641871625674865,0.35812837432513495,0.04619076184763048,0.020795840831833633,0.0639872025594881,0.03579284143171366,0.028394321135772844,0.02459508098380324,0.01859628074385123,0.01259748050389922,0.007198560287942412,0.002599480103979204,0.0021995600879824036,0.16716656668666266,0.0007998400319936012,0.2383523295340932,0.1267746450709858,0.07918416316736653,0.04379124175164967,0.03779244151169766,0.022595480903819236,0.020595880823835233,0.902619476104779,0.09738052389522095,0.5144971005798841,0.3847230553889222,0.09738052389522095,0.0033993201359728054,0.3635272945410918,0.001999600079984003,0.6344731053789242
2024,3300605,1258,0.787758346581876,0.212241653418124,0.0,0.0,0.0,0.0,0.0,0.0,0.0,0.0,0.0,0.0,0.0,0.0,0.0,0.0,0.0,0.009538950715421303,0.49761526232114467,0.16295707472178061,0.3124006359300477,0.01589825119236884,0.001589825119236884,0.6057233704292527,0.3942766295707472,0.1327503974562798,0.008744038155802861,0.034976152623211444,0.0246422893481717,0.01589825119236884,0.01192368839427663,0.007154213036565978,0.003179650238473768,0.000794912559618442,0.001589825119236884,0.000794912559618442,0.2519872813990461,0.0,0.25675675675675674,0.09141494435612083,0.07074721780604133,0.033386327503974564,0.02384737678855326,0.014308426073131956,0.015103338632750398,0.7639109697933227,0.23608903020667726,0.33624801271860094,0.4260731319554849,0.23608903020667726,0.001589825119236884,0.41414944356120825,0.003179650238473768,0.5826709062003179
2024,3300704,4505,0.7411764705882353,0.25882352941176473,0.0,0.0,0.0,0.0,0.0,0.0,0.0,0.0,0.0,0.0,0.0,0.0,0.0,0.0,0.0,0.011764705882352941,0.47036625971143176,0.15604883462819089,0.3471698113207547,0.011542730299667037,0.0031076581576026637,0.6268590455049945,0.37314095449500556,0.08213096559378469,0.017758046614872364,0.0486126526082131,0.0293007769145394,0.018423973362930078,0.016648168701442843,0.010876803551609323,0.008435072142064372,0.004217536071032186,0.0017758046614872365,0.0013318534961154272,0.17469478357380688,0.0004439511653718091,0.26681465038845725,0.12918978912319645,0.07258601553829079,0.04728079911209767,0.02685904550499445,0.02064372918978912,0.02197558268590455,0.8197558268590455,0.1802441731409545,0.4244173140954495,0.3886792452830189,0.1802441731409545,0.006659267480577136,0.36825749167591565,0.001997780244173141,0.6297447280799112
2024,3300803,945,0.7904761904761904,0.20952380952380953,0.0,0.0,0.0,0.0,0.0,0.0,0.0,0.0,0.0,0.0,0.0,0.0,0.0,0.0,0.0,0.005291005291005291,0.38941798941798944,0.1492063492063492,0.43386243386243384,0.01798941798941799,0.004232804232804233,0.6423280423280423,0.3576719576719577,0.08783068783068783,0.01904761904761905,0.05396825396825397,0.03492063492063492,0.016931216931216932,0.013756613756613757,0.01164021164021164,0.004232804232804233,0.0,0.004232804232804233,0.0010582010582010583,0.15767195767195769,0.0010582010582010583,0.24126984126984127,0.1343915343915344,0.08253968253968254,0.06031746031746032,0.02857142857142857,0.02328042328042328,0.02328042328042328,0.8264550264550264,0.17354497354497356,0.46455026455026455,0.35978835978835977,0.17354497354497356,0.0021164021164021165,0.3439153439153439,0.0031746031746031746,0.6529100529100529
2024,3301009,8560,0.7808411214953271,0.2191588785046729,0.0,0.0,0.0,0.0,0.0,0.0,0.0,0.0,0.0,0.0,0.0,0.0,0.0,0.0,0.0,0.009228971962616822,0.4636682242990654,0.19509345794392524,0.32044392523364484,0.008878504672897197,0.0026869158878504674,0.6454439252336449,0.35455607476635514,0.0852803738317757,0.016705607476635513,0.054088785046728975,0.03154205607476635,0.01997663551401869,0.01705607476635514,0.012149532710280374,0.006658878504672897,0.00397196261682243,0.002336448598130841,0.0010514018691588785,0.17453271028037384,0.00035046728971962614,0.25128504672897195,0.1280373831775701,0.07523364485981308,0.04392523364485981,0.03107476635514019,0.023598130841121494,0.021144859813084112,0.8401869158878504,0.15981308411214953,0.43294392523364483,0.40210280373831775,0.15981308411214953,0.0051401869158878505,0.3820093457943925,0.0016355140186915889,0.6163551401869158
2024,3301306,562,0.7366548042704626,0.26334519572953735,0.0,0.0,0.0,0.0,0.0,0.0,0.0,0.0,0.0,0.0,0.0,0.0,0.0,0.0,0.0,0.008896797153024912,0.49466192170818507,0.1423487544483986,0.33451957295373663,0.014234875444839857,0.005338078291814947,0.6067615658362989,0.3932384341637011,0.1298932384341637,0.01601423487544484,0.03914590747330961,0.03202846975088968,0.017793594306049824,0.017793594306049824,0.0017793594306049821,0.0035587188612099642,0.0035587188612099642,0.0017793594306049821,0.0017793594306049821,0.21352313167259787,0.0,0.2615658362989324,0.09608540925266904,0.05871886120996441,0.03558718861209965,0.028469750889679714,0.023131672597864767,0.017793594306049824,0.7508896797153025,0.2491103202846975,0.38434163701067614,0.3612099644128114,0.2491103202846975,0.005338078291814947,0.3469750889679715,0.0017793594306049821,0.6512455516014235
2024,3301702,14889,0.7373900194774666,0.2626099805225334,0.0,0.0,0.0,0.0,0.0,0.0,0.0,0.0,0.0,0.0,0.0,0.0,0.0,0.0,0.0,0.012492444086238163,0.34159446571294244,0.2227147558600309,0.41016858083148633,0.010343206393982134,0.002686547115320035,0.6430922157297334,0.35690778427026665,0.05023843105648465,0.022029686345624286,0.061992074686009806,0.03425347572033045,0.02464906978306132,0.01981328497548526,0.01692524682651622,0.01235811673047216,0.005776076297938075,0.00308952918261804,0.001074618846128014,0.1707300691785882,0.000537309423064007,0.23030425146081,0.12559607764121164,0.08146954127208006,0.049499630599771645,0.03566391295587346,0.02841023574450937,0.025589361273423334,0.8940157163006246,0.10598428369937538,0.5214587950836188,0.3706091745583988,0.10598428369937538,0.0019477466586070252,0.35019141648196656,0.003156692860501041,0.6466518906575324
2024,3301850,701,0.7631954350927247,0.23680456490727533,0.0,0.0,0.0,0.0,0.0,0.0,0.0,0.0,0.0,0.0,0.0,0.0,0.0,0.0,0.0,0.011412268188302425,0.4079885877318117,0.20256776034236804,0.362339514978602,0.014265335235378032,0.0014265335235378032,0.630527817403709,0.369472182596291,0.06562054208273894,0.021398002853067047,0.04992867332382311,0.024251069900142655,0.025677603423680456,0.021398002853067047,0.015691868758915834,0.008559201141226819,0.008559201141226819,0.0042796005706134095,0.0,0.15406562054208273,0.0,0.2738944365192582,0.14122681883024252,0.05848787446504993,0.05563480741797432,0.03281027104136947,0.021398002853067047,0.017118402282453638,0.8716119828815977,0.12838801711840228,0.43651925820256776,0.43509272467902993,0.12838801711840228,0.0,0.4165477888730385,0.0,0.5834522111269614
2024,3301876,605,0.7338842975206612,0.26611570247933886,0.0,0.0,0.0,0.0,0.0,0.0,0.0,0.0,0.0,0.0,0.0,0.0,0.0,0.0,0.0,0.01652892561983471,0.4512396694214876,0.14710743801652892,0.3669421487603306,0.013223140495867768,0.0049586776859504135,0.6247933884297521,0.3752066115702479,0.05289256198347107,0.011570247933884297,0.0512396694214876,0.023140495867768594,0.023140495867768594,0.01818181818181818,0.01652892561983471,0.009917355371900827,0.0049586776859504135,0.001652892561983471,0.0,0.1669421487603306,0.001652892561983471,0.2909090909090909,0.1140495867768595,0.09586776859504133,0.03305785123966942,0.03140495867768595,0.019834710743801654,0.03305785123966942,0.8743801652892562,0.1256198347107438,0.48760330578512395,0.38181818181818183,0.1256198347107438,0.0049586776859504135,0.3685950413223141,0.003305785123966942,0.628099173553719
2024,3301900,3689,0.7549471401463811,0.24505285985361885,0.0,0.0,0.0,0.0,0.0,0.0,0.0,0.0,0.0,0.0,0.0,0.0,0.0,0.0,0.0,0.010843046896177827,0.34128490105719705,0.18568717809704527,0.4497153700189753,0.009487666034155597,0.0029818378964489023,0.6381133098400651,0.36188669015993497,0.07020872865275142,0.018975332068311195,0.052588777446462454,0.03415559772296015,0.018975332068311195,0.023312550826782324,0.017077798861480076,0.01192735158579561,0.003795066413662239,0.0010843046896177825,0.001626457034426674,0.1835185687178097,0.000813228517213337,0.23583626999186771,0.12388181078883166,0.0718351856871781,0.04418541610192464,0.03334236920574681,0.02737869341284901,0.02548116020601789,0.8663594470046083,0.1336405529953917,0.4941718622933044,0.36730821360802385,0.1336405529953917,0.004879371103280022,0.34833288153971265,0.001626457034426674,0.6500406614258607
2024,3302007,2239,0.7271103171058508,0.27288968289414917,0.0,0.0,0.0,0.0,0.0,0.0,0.0,0.0,0.0,0.0,0.0,0.0,0.0,0.0,0.0,0.013398838767306834,0.3778472532380527,0.16257257704332292,0.4256364448414471,0.016971862438588656,0.003573023671281822,0.6324251898168826,0.36757481018311744,0.0401965163019205,0.022778025904421618,0.060741402411790976,0.030370701205895488,0.027244305493523895,0.020991514068780706,0.02009825815096025,0.013398838767306834,0.006252791424743189,0.001786511835640911,0.0026797677534613666,0.15899955337204108,0.0,0.2505582849486378,0.1317552478785172,0.07056721750781599,0.04778919160339437,0.04376953997320232,0.027690933452434122,0.022331397945511387,0.8901295221080839,0.10987047789191604,0.5073693613220187,0.3800803930326038,0.10987047789191604,0.0026797677534613666,0.3613220187583743,0.001786511835640911,0.6368914694059848
2024,3302106,1012,0.8379446640316206,0.16205533596837945,0.0,0.0,0.0,0.0,0.0,0.0,0.0,0.0,0.0,0.0,0.0,0.0,0.0,0.0,0.0,0.004940711462450593,0.5830039525691699,0.12055335968379446,0.27964426877470355,0.008893280632411068,0.0029644268774703555,0.6235177865612648,0.37648221343873517,0.14031620553359683,0.00691699604743083,0.030632411067193676,0.011857707509881422,0.005928853754940711,0.005928853754940711,0.0029644268774703555,0.004940711462450593,0.001976284584980237,0.001976284584980237,0.0,0.2391304347826087,0.0,0.2845849802371542,0.1225296442687747,0.05434782608695652,0.03557312252964427,0.02766798418972332,0.012845849802371542,0.009881422924901186,0.758893280632411,0.24110671936758893,0.3221343873517787,0.43379446640316205,0.24110671936758893,0.0029644268774703555,0.42391304347826086,0.001976284584980237,0.5741106719367589
2024,3302205,2726,0.7784299339691856,0.2215700660308144,0.0,0.0,0.0,0.0,0.0,0.0,0.0,0.0,0.0,0.0,0.0,0.0,0.0,0.0,0.0,0.00586940572267058,0.4970652971386647,0.15627292736610418,0.3301540719002201,0.008437270726338958,0.0022010271460014674,0.6045487894350697,0.3954512105649303,0.11958914159941306,0.009904622157006602,0.02971386647101981,0.013573000733675716,0.008437270726338958,0.01173881144534116,0.004035216434336023,0.001834189288334556,0.0022010271460014674,0.0,0.00036683785766691124,0.2534849596478357,0.0,0.3206162876008804,0.10234776228906824,0.05172413793103448,0.02677916360968452,0.016874541452677916,0.013573000733675716,0.013206162876008804,0.7791636096845195,0.22083639031548055,0.2714600146735143,0.5044020542920029,0.22083639031548055,0.003301540719002201,0.487527512839325,0.003301540719002201,0.5091709464416728
2024,3302270,1423,0.7891777933942375,0.21082220660576248,0.0,0.0,0.0,0.0,0.0,0.0,0.0,0.0,0.0,0.0,0.0,0.0,0.0,0.0,0.0,0.011243851018973999,0.24806746310611386,0.28601546029515107,0.4399156711173577,0.008432888264230498,0.006324666198172874,0.6542515811665496,0.3457484188334505,0.03232607167955025,0.014757554462403373,0.07167955024595925,0.044975404075895994,0.024595924104005622,0.023190442726633873,0.009135628952916374,0.007027406886858749,0.004216444132115249,0.0014054813773717498,0.0007027406886858749,0.15811665495432187,0.0,0.2607167955024596,0.12438510189739986,0.08784258608573436,0.04708362614195362,0.035137034434293744,0.026704146170063246,0.02600140548137737,0.9135628952916374,0.08643710470836262,0.5186226282501757,0.3928320449754041,0.08643710470836262,0.0021082220660576245,0.3724525650035137,0.004216444132115249,0.623330990864371
2024,3302403,5506,0.685978932074101,0.314021067925899,0.0,0.0,0.0,0.0,0.0,0.0,0.0,0.0,0.0,0.0,0.0,0.0,0.0,0.0,0.0,0.011442063203777697,0.44969124591354886,0.1694515074464221,0.3565201598256448,0.009989102796948783,0.002905920813657828,0.6333091173265528,0.3666908826734471,0.0955321467490011,0.015256084271703597,0.0586632764257174,0.034871049763893935,0.025426807119505995,0.020704685797312022,0.014711224119142753,0.00726480203414457,0.005630221576462042,0.0018162005085361425,0.0005448601525608427,0.1785325099891028,0.0003632401017072285,0.2244823828550672,0.12150381402106793,0.06665455866327642,0.046857973120232474,0.03160188884852888,0.025063567017798764,0.02451870686523792,0.8029422448238286,0.19705775517617144,0.47330185252451873,0.32473665092626225,0.19705775517617144,0.004903741373047585,0.31220486741736286,0.0009081002542680712,0.686887032328369
2024,3302502,3764,0.7842720510095643,0.2157279489904357,0.0,0.0,0.0,0.0,0.0,0.0,0.0,0.0,0.0,0.0,0.0,0.0,0.0,0.0,0.0,0.012221041445270989,0.31801275239107335,0.2104144527098831,0.44394261424017,0.011689691817215728,0.0037194473963868225,0.6346971307120085,0.3653028692879915,0.04782146652497343,0.01726886291179596,0.056854410201912856,0.025504782146652496,0.015940488841657812,0.018065887353878853,0.01248671625929862,0.007970244420828906,0.004516471838469713,0.002656748140276302,0.0005313496280552603,0.17826780021253985,0.0005313496280552603,0.2688629117959617,0.1346971307120085,0.08129649309245483,0.04543039319872476,0.03320935175345377,0.03028692879914984,0.017800212539851222,0.8942614240170031,0.10573857598299681,0.47396386822529224,0.4181721572794899,0.10573857598299681,0.0021253985122210413,0.40090329436769395,0.0037194473963868225,0.5953772582359192
2024,3302601,541,0.756007393715342,0.24399260628465805,0.0,0.0,0.0,0.0,0.0,0.0,0.0,0.0,0.0,0.0,0.0,0.0,0.0,0.0,0.0,0.012939001848428836,0.4066543438077634,0.18114602587800369,0.3844731977818854,0.011090573012939002,0.0036968576709796672,0.6802218114602587,0.3197781885397412,0.06099815157116451,0.022181146025878003,0.03512014787430684,0.029574861367837338,0.03512014787430684,0.025878003696857672,0.011090573012939002,0.009242144177449169,0.0073937153419593345,0.0,0.0036968576709796672,0.21626617375231053,0.0,0.24214417744916822,0.13123844731977818,0.053604436229205174,0.04066543438077634,0.03512014787430684,0.02033271719038817,0.02033271719038817,0.8539741219963032,0.14602587800369685,0.4399260628465804,0.40850277264325324,0.14602587800369685,0.005545286506469501,0.39186691312384475,0.0,0.6081330868761553
2024,3302700,3419,0.7733255337818076,0.22667446621819246,0.0,0.0,0.0,0.0,0.0,0.0,0.0,0.0,0.0,0.0,0.0,0.0,0.0,0.0,0.0,0.011699327288680901,0.4790874524714829,0.1403919274641708,0.3588768645802866,0.007897045919859609,0.0020473822755191578,0.6118748171980111,0.3881251828019889,0.08335770693185142,0.01374670956420006,0.040362679145949105,0.02544603685288096,0.02427610412401287,0.017841474115238374,0.015209125475285171,0.008774495466510676,0.008482012284293653,0.00233986545773618,0.00233986545773618,0.19801111436092425,0.000584966364434045,0.25738520035097984,0.13073998245100907,0.06639368236326411,0.04270254460368529,0.02573852003509798,0.02105878911962562,0.015209125475285171,0.8379643170517695,0.16203568294823048,0.45100906697864873,0.38286048552208246,0.16203568294823048,0.0040947645510383155,0.36940625914009945,0.0029248318221702253,0.6276689090377303
2024,3302858,2690,0.7520446096654275,0.24795539033457248,0.0,0.0,0.0,0.0,0.0,0.0,0.0,0.0,0.0,0.0,0.0,0.0,0.0,0.0,0.0,0.007434944237918215,0.33605947955390336,0.25092936802973975,0.39516728624535313,0.007806691449814126,0.0026022304832713753,0.6312267657992565,0.3687732342007435,0.04423791821561338,0.021189591078066915,0.079182156133829,0.036431226765799254,0.025650557620817842,0.02267657992565056,0.017843866171003718,0.013382899628252789,0.00929368029739777,0.005947955390334572,0.0022304832713754648,0.14646840148698884,0.0026022304832713753,0.22230483271375465,0.12193308550185873,0.08364312267657993,0.056133828996282525,0.03754646840148699,0.02825278810408922,0.023048327137546468,0.90817843866171,0.09182156133828996,0.5635687732342007,0.341635687732342,0.09182156133828996,0.002973977695167286,0.31635687732342005,0.0018587360594795538,0.6817843866171004
2024,3302908,864,0.7615740740740741,0.23842592592592593,0.0,0.0,0.0,0.0,0.0,0.0,0.0,0.0,0.0,0.0,0.0,0.0,0.0,0.0,0.0,0.01273148148148148,0.4583333333333333,0.16203703703703703,0.35300925925925924,0.011574074074074073,0.0023148148148148147,0.6168981481481481,0.38310185185185186,0.05555555555555555,0.010416666666666666,0.03587962962962963,0.020833333333333332,0.017361111111111112,0.009259259259259259,0.008101851851851851,0.005787037037037037,0.005787037037037037,0.005787037037037037,0.0011574074074074073,0.22685185185185186,0.0,0.30439814814814814,0.125,0.07291666666666667,0.03356481481481482,0.028935185185185185,0.017361111111111112,0.015046296296296295,0.8460648148148148,0.15393518518518517,0.3402777777777778,0.5057870370370371,0.15393518518518517,0.0,0.4756944444444444,0.010416666666666666,0.5138888888888888
2024,3303005,704,0.8011363636363636,0.19886363636363635,0.0,0.0,0.0,0.0,0.0,0.0,0.0,0.0,0.0,0.0,0.0,0.0,0.0,0.0,0.0,0.007102272727272727,0.3934659090909091,0.26704545454545453,0.3210227272727273,0.008522727272727272,0.002840909090909091,0.6150568181818182,0.3849431818181818,0.09943181818181818,0.011363636363636364,0.03409090909090909,0.024147727272727272,0.015625,0.005681818181818182,0.0014204545454545455,0.005681818181818182,0.0014204545454545455,0.0014204545454545455,0.0,0.2159090909090909,0.0,0.2911931818181818,0.13494318181818182,0.04261363636363636,0.041193181818181816,0.028409090909090908,0.026988636363636364,0.018465909090909092,0.7883522727272727,0.21164772727272727,0.3508522727272727,0.43607954545454547,0.21164772727272727,0.0014204545454545455,0.4133522727272727,0.014204545454545454,0.5724431818181818
2024,3303203,3996,0.7477477477477478,0.25225225225225223,0.0,0.0,0.0,0.0,0.0,0.0,0.0,0.0,0.0,0.0,0.0,0.0,0.0,0.0,0.0,0.01026026026026026,0.3738738738738739,0.22597597597597596,0.37787787787787785,0.01026026026026026,0.0017517517517517517,0.6408908908908909,0.3591091091091091,0.05155155155155155,0.023523523523523524,0.058308308308308306,0.03153153153153153,0.025525525525525526,0.023273273273273273,0.02002002002002002,0.013513513513513514,0.011011011011011011,0.0045045045045045045,0.0005005005005005005,0.1564064064064064,0.0007507507507507507,0.2247247247247247,0.12087087087087087,0.08183183183183183,0.0543043043043043,0.04229229229229229,0.028528528528528527,0.02702702702702703,0.8906406406406406,0.10935935935935936,0.5655655655655656,0.3230730730730731,0.10935935935935936,0.002002002002002002,0.3063063063063063,0.0035035035035035035,0.6901901901901902
2024,3303302,14383,0.7492178266008482,0.25078217339915176,0.0,0.0,0.0,0.0,0.0,0.0,0.0,0.0,0.0,0.0,0.0,0.0,0.0,0.0,0.0,0.015782521031773623,0.578043523604255,0.14635333379684348,0.25161649169158035,0.006187860668845164,0.002016269206702357,0.5833275394563026,0.41667246054369744,0.10574984356532018,0.01891121462838073,0.06618925119933254,0.039769171939094766,0.02516860182159494,0.022039908224987834,0.017242578043523603,0.014044357922547452,0.008204129875547521,0.004797330181464229,0.002642007926023778,0.1804213307376764,0.0008343182924285615,0.18918167280817633,0.10866995758882013,0.06792741430855871,0.04248070638948759,0.03490231523326149,0.02746297712577348,0.02336091218799972,0.8003198220120976,0.19968017798790239,0.5153305986233748,0.28255579503580613,0.19968017798790239,0.002433428352916638,0.2656608496141278,0.0012514774386428423,0.7330876729472293
2024,3303401,4405,0.7700340522133938,0.22996594778660612,0.0,0.0,0.0,0.0,0.0,0.0,0.0,0.0,0.0,0.0,0.0,0.0,0.0,0.0,0.0,0.0061293984108967085,0.6633371169125993,0.11259931895573212,0.20885357548240635,0.007264472190692395,0.0018161180476730988,0.6106696935300795,0.38933030646992056,0.12417707150964813,0.013166855845629965,0.038138479001135074,0.01452894438138479,0.009761634506242905,0.008626560726447218,0.005902383654937571,0.005221339387060159,0.002724177071509648,0.002497162315550511,0.000681044267877412,0.23450624290578886,0.0,0.2819523269012486,0.10919409761634506,0.05925085130533485,0.031328036322360954,0.025425652667423384,0.018161180476730987,0.014755959137343927,0.758683314415437,0.24131668558456298,0.33098751418842226,0.4261066969353008,0.24131668558456298,0.0015891032917139615,0.4102156640181612,0.0022701475595913734,0.5875141884222475
2024,3303500,14954,0.7545807141901832,0.24541928580981678,0.0,0.0,0.0,0.0,0.0,0.0,0.0,0.0,0.0,0.0,0.0,0.0,0.0,0.0,0.0,0.010231376220409255,0.35348401765413934,0.22020863982880834,0.4020329008960813,0.011167580580446703,0.0028754848201150195,0.6346128126253845,0.3653871873746155,0.05463421158218537,0.018924702420756986,0.06713922696268557,0.03784940484151397,0.02982479604119299,0.02347198074093888,0.017921626320716866,0.012571887120502875,0.00849271098033971,0.0033435870001337436,0.0012036913200481477,0.16049217600641968,0.0005349739200213989,0.22234853550889394,0.11842985154473719,0.07730373144309215,0.05102313762204093,0.03851812224154073,0.029757924301190317,0.026213722081048548,0.894075163835763,0.105924836164237,0.5506219071820249,0.3408452587936338,0.105924836164237,0.0026079978601043197,0.32372609335294905,0.0034773304801390932,0.6727965761669119
2024,3303609,851,0.7485311398354877,0.25146886016451236,0.0,0.0,0.0,0.0,0.0,0.0,0.0,0.0,0.0,0.0,0.0,0.0,0.0,0.0,0.0,0.009400705052878966,0.4500587544065805,0.16333725029377202,0.3689776733254994,0.007050528789659225,0.0011750881316098707,0.6227967097532315,0.3772032902467685,0.03290246768507638,0.010575793184488837,0.04935370152761457,0.038777908343125736,0.01880141010575793,0.01880141010575793,0.012925969447708578,0.008225616921269096,0.0035252643948296123,0.0035252643948296123,0.0,0.15863689776733256,0.0,0.2444183313748531,0.1609870740305523,0.08930669800235018,0.052878965922444184,0.03760282021151586,0.036427732079905996,0.022326674500587545,0.8660399529964747,0.13396004700352526,0.5088131609870741,0.3525264394829612,0.13396004700352526,0.004700352526439483,0.3372502937720329,0.0035252643948296123,0.6592244418331374
2024,3303708,810,0.7320987654320987,0.2679012345679012,0.0,0.0,0.0,0.0,0.0,0.0,0.0,0.0,0.0,0.0,0.0,0.0,0.0,0.0,0.0,0.012345679012345678,0.45185185185185184,0.18888888888888888,0.3395061728395062,0.006172839506172839,0.0012345679012345679,0.6345679012345679,0.3654320987654321,0.08395061728395062,0.01728395061728395,0.050617283950617285,0.027160493827160494,0.018518518518518517,0.018518518518518517,0.009876543209876543,0.003703703703703704,0.0,0.0012345679012345679,0.0,0.19012345679012346,0.0,0.2765432098765432,0.13333333333333333,0.06419753086419754,0.03950617283950617,0.022222222222222223,0.027160493827160494,0.016049382716049384,0.8074074074074075,0.1925925925925926,0.3765432098765432,0.4271604938271605,0.1925925925925926,0.003703703703703704,0.41358024691358025,0.0,0.5864197530864198
2024,3303807,799,0.7221526908635795,0.27784730913642053,0.0,0.0,0.0,0.0,0.0,0.0,0.0,0.0,0.0,0.0,0.0,0.0,0.0,0.0,0.0,0.011264080100125156,0.5193992490613266,0.10012515644555695,0.360450563204005,0.006257822277847309,0.0025031289111389237,0.6357947434292867,0.3642052565707134,0.12265331664580725,0.01376720901126408,0.03504380475594493,0.02127659574468085,0.010012515644555695,0.006257822277847309,0.0050062578222778474,0.006257822277847309,0.0012515644555694619,0.0012515644555694619,0.0,0.2202753441802253,0.0,0.2590738423028786,0.10763454317897372,0.07008760951188986,0.0425531914893617,0.03504380475594493,0.025031289111389236,0.017521902377972465,0.7822277847309136,0.21777221526908636,0.40550688360450565,0.37296620775969963,0.21777221526908636,0.0037546933667083854,0.360450563204005,0.0050062578222778474,0.6345431789737171
2024,3303906,4505,0.746503884572697,0.253496115427303,0.0,0.0,0.0,0.0,0.0,0.0,0.0,0.0,0.0,0.0,0.0,0.0,0.0,0.0,0.0,0.011098779134295227,0.62330743618202,0.12785793562708103,0.22685904550499444,0.008213096559378468,0.0026637069922308544,0.6148723640399556,0.3851276359600444,0.08901220865704773,0.0195338512763596,0.046392896781354054,0.026415094339622643,0.018867924528301886,0.013096559378468368,0.0097669256381798,0.005549389567147614,0.004217536071032186,0.00244173140954495,0.0011098779134295228,0.20821309655937847,0.00022197558268590456,0.2785793562708102,0.11365149833518313,0.06215316315205328,0.03729189789123197,0.02597114317425083,0.021753607103218647,0.015760266370699223,0.809322974472808,0.190677025527192,0.3873473917869034,0.4188679245283019,0.190677025527192,0.0031076581576026637,0.40621531631520535,0.0028856825749167593,0.5908990011098779
2024,3304144,2842,0.7677691766361717,0.2322308233638283,0.0,0.0,0.0,0.0,0.0,0.0,0.0,0.0,0.0,0.0,0.0,0.0,0.0,0.0,0.0,0.007389162561576354,0.29064039408866993,0.26319493314567205,0.422237860661506,0.013722730471498945,0.0028149190710767065,0.6375791695988741,0.362420830401126,0.04926108374384237,0.021815622800844477,0.07318789584799437,0.03553835327234342,0.03237156931738212,0.023574947220267418,0.015130190007037298,0.009852216748768473,0.004574243490499648,0.00211118930330753,0.0,0.15024630541871922,0.0,0.22026741731175228,0.1301900070372977,0.07741027445460943,0.05876143560872625,0.03342716396903589,0.034130893736805064,0.028149190710767064,0.8947923997185081,0.10520760028149191,0.5464461646727656,0.3469387755102041,0.10520760028149191,0.0014074595355383533,0.3240675580577058,0.0038705137227304713,0.6720619282195637
2024,3304151,524,0.7442748091603053,0.25572519083969464,0.0,0.0,0.0,0.0,0.0,0.0,0.0,0.0,0.0,0.0,0.0,0.0,0.0,0.0,0.0,0.009541984732824428,0.35877862595419846,0.18702290076335878,0.4351145038167939,0.007633587786259542,0.0019083969465648854,0.6259541984732825,0.37404580152671757,0.05343511450381679,0.01717557251908397,0.05916030534351145,0.02480916030534351,0.007633587786259542,0.01717557251908397,0.007633587786259542,0.003816793893129771,0.003816793893129771,0.0019083969465648854,0.0,0.17557251908396945,0.0,0.29389312977099236,0.16603053435114504,0.06679389312977099,0.03625954198473282,0.026717557251908396,0.01717557251908397,0.02099236641221374,0.8530534351145038,0.14694656488549618,0.42748091603053434,0.4255725190839695,0.14694656488549618,0.0,0.3969465648854962,0.007633587786259542,0.5954198473282443
2024,3304201,3038,0.7472021066491112,0.25279789335088876,0.0,0.0,0.0,0.0,0.0,0.0,0.0,0.0,0.0,0.0,0.0,0.0,0.0,0.0,0.0,0.012508229098090849,0.5388413429888085,0.12771560236998025,0.30612244897959184,0.013166556945358789,0.0016458196181698486,0.6217906517445688,0.37820934825543123,0.10105332455562871,0.01184990125082291,0.032916392363396975,0.018762343647136272,0.017445687952600396,0.01119157340355497,0.009545753785385122,0.003949967083607637,0.0019749835418038184,0.0009874917709019092,0.0003291639236339697,0.1978275181040158,0.0,0.3064516129032258,0.11816984858459513,0.07274522712310731,0.038841342988808425,0.025674786043449638,0.016787360105332456,0.013495720868992759,0.8140223831468071,0.1859776168531929,0.38545095457537853,0.42659644502962474,0.1859776168531929,0.0019749835418038184,0.4107965766951942,0.002304147465437788,0.586899275839368
2024,3304300,1795,0.7699164345403899,0.23008356545961003,0.0,0.0,0.0,0.0,0.0,0.0,0.0,0.0,0.0,0.0,0.0,0.0,0.0,0.0,0.0,0.008913649025069638,0.3838440111420613,0.18440111420612815,0.4105849582172702,0.010584958217270195,0.001671309192200557,0.6518105849582173,0.34818941504178275,0.0596100278551532,0.0233983286908078,0.05905292479108635,0.02841225626740947,0.012813370473537604,0.015598885793871866,0.00947075208913649,0.005013927576601671,0.0038997214484679664,0.0011142061281337048,0.0,0.19331476323119778,0.0,0.2501392757660167,0.13649025069637882,0.07298050139275766,0.048467966573816156,0.030083565459610027,0.02618384401114206,0.02395543175487465,0.8479108635097493,0.1520891364902507,0.4584958217270195,0.3871866295264624,0.1520891364902507,0.0022284122562674096,0.37715877437325906,0.0011142061281337048,0.6217270194986072
2024,3304524,4609,0.7376871338685181,0.26231286613148186,0.0,0.0,0.0,0.0,0.0,0.0,0.0,0.0,0.0,0.0,0.0,0.0,0.0,0.0,0.0,0.016706443914081145,0.4560642221740074,0.15643306574094162,0.3584291603384682,0.010197439791711869,0.002169668040789759,0.6274679973963984,0.37253200260360164,0.07637231503579953,0.01974397917118681,0.0531568669993491,0.026252983293556086,0.023649381644608374,0.021913647211976566,0.018876111954870906,0.012584074636580603,0.006725970926448254,0.0017357344326318074,0.0019527012367107832,0.1792145801692341,0.0008678672163159037,0.23822955087871556,0.1206335430679106,0.07441961379908874,0.04946843133000651,0.030375352571056627,0.025168149273161206,0.01865914515079193,0.8314167932306357,0.16858320676936428,0.5027120850509872,0.324365372098069,0.16858320676936428,0.004339336081579518,0.31069646344109353,0.0017357344326318074,0.6875678021262747
2024,3304557,116924,0.7359737949437242,0.2640262050562759,0.0,0.0,0.0,0.0,0.0,0.0,0.0,0.0,0.0,0.0,0.0,0.0,0.0,0.0,0.0,0.012572269166296056,0.4832198693168212,0.17386507474940988,0.31990865861585305,0.007885464062125825,0.00254866408949403,0.5961735828401354,0.4038264171598645,0.07586124320071157,0.01894392939003113,0.06334028941876775,0.03524511648592248,0.02571756012452533,0.021159043481235675,0.015711060175840716,0.011674249940132051,0.008629537135233144,0.004567069207348363,0.0020098525537956278,0.18471827853990627,0.0009493346105162328,0.21057267968937088,0.11418528274776778,0.07194416886182478,0.048612774109678084,0.03533064212650953,0.02769320242208614,0.023134685778796484,0.8432400533679997,0.15675994663200027,0.5282405665218433,0.31215148301460777,0.15675994663200027,0.0028480038315486984,0.2969877869385242,0.002086825630323971,0.7009253874311518
2024,3304706,1069,0.7371375116931712,0.2628624883068288,0.0,0.0,0.0,0.0,0.0,0.0,0.0,0.0,0.0,0.0,0.0,0.0,0.0,0.0,0.0,0.0037418147801683817,0.5219831618334893,0.1796071094480823,0.2778297474275023,0.011225444340505144,0.005612722170252572,0.617399438727783,0.38260056127221703,0.10102899906454631,0.02245088868101029,0.023386342376052385,0.02432179607109448,0.021515434985968196,0.013096351730589336,0.005612722170252572,0.007483629560336763,0.004677268475210477,0.0018709073900841909,0.0,0.20860617399438727,0.0,0.27502338634237605,0.11412535079513564,0.05332086061739944,0.04396632366697849,0.02245088868101029,0.03274087932647334,0.02432179607109448,0.8007483629560337,0.1992516370439663,0.3928905519176801,0.40505144995322734,0.1992516370439663,0.002806361085126286,0.3891487371375117,0.0018709073900841909,0.6089803554724041
2024,3304755,604,0.7913907284768212,0.20860927152317882,0.0,0.0,0.0,0.0,0.0,0.0,0.0,0.0,0.0,0.0,0.0,0.0,0.0,0.0,0.0,0.009933774834437087,0.4503311258278146,0.1390728476821192,0.38741721854304634,0.009933774834437087,0.0033112582781456954,0.7152317880794702,0.2847682119205298,0.0695364238410596,0.013245033112582781,0.04304635761589404,0.028145695364238412,0.008278145695364239,0.008278145695364239,0.0016556291390728477,0.0033112582781456954,0.0,0.0,0.0,0.21357615894039736,0.0,0.2913907284768212,0.1423841059602649,0.04470198675496689,0.039735099337748346,0.0380794701986755,0.03642384105960265,0.018211920529801324,0.8526490066225165,0.14735099337748345,0.33774834437086093,0.5132450331125827,0.14735099337748345,0.0016556291390728477,0.4768211920529801,0.008278145695364239,0.5149006622516556
2024,3304805,688,0.7645348837209303,0.23546511627906977,0.0,0.0,0.0,0.0,0.0,0.0,0.0,0.0,0.0,0.0,0.0,0.0,0.0,0.0,0.0,0.010174418604651164,0.5828488372093024,0.12354651162790697,0.27906976744186046,0.0014534883720930232,0.0029069767441860465,0.6308139534883721,0.3691860465116279,0.0755813953488372,0.005813953488372093,0.04796511627906977,0.015988372093023256,0.0188953488372093,0.00872093023255814,0.007267441860465116,0.0029069767441860465,0.0029069767441860465,0.0014534883720930232,0.0014534883720930232,0.24127906976744187,0.0014534883720930232,0.25872093023255816,0.10610465116279069,0.06976744186046512,0.05232558139534884,0.03488372093023256,0.020348837209302327,0.02616279069767442,0.8066860465116279,0.1933139534883721,0.4316860465116279,0.375,0.1933139534883721,0.0,0.36773255813953487,0.0,0.6322674418604651
2024,3304904,13554,0.7427327726132507,0.2572672273867493,0.0,0.0,0.0,0.0,0.0,0.0,0.0,0.0,0.0,0.0,0.0,0.0,0.0,0.0,0.0,0.011509517485613104,0.4121292607348384,0.19566179725542276,0.3722148443263981,0.006418769366976538,0.00206581083075107,0.6155378486055777,0.3844621513944223,0.0635236830455954,0.019330087059170723,0.061531651173085435,0.03142983621071271,0.02390438247011952,0.02183857163936845,0.01652648664600856,0.013796665191087501,0.009591264571344252,0.003172495204367714,0.0011804633318577543,0.16681422458314887,0.0005902316659288771,0.21027003098716246,0.13457281983178399,0.08211598052235503,0.05415375534897447,0.036741921204072596,0.02670798288328169,0.022207466430574,0.8736904234912203,0.1263095765087797,0.5379223845359303,0.3330382175003689,0.1263095765087797,0.0027298214549210565,0.31739707835325365,0.001623137081304412,0.680979784565442
2024,3305109,7142,0.7462895547465696,0.2537104452534304,0.0,0.0,0.0,0.0,0.0,0.0,0.0,0.0,0.0,0.0,0.0,0.0,0.0,0.0,0.0,0.00854102492299076,0.33954074488938674,0.24292915149817979,0.39806776813217587,0.008260991318958275,0.002660319238308597,0.6421170540464856,0.35788294595351444,0.042985158218986276,0.023242789134696164,0.06104732567908149,0.0313637636516382,0.022542705124614953,0.022682721926631195,0.016942033043965275,0.012461495379445534,0.007700924110893307,0.002940352842341081,0.0016802016241949033,0.16479977597311676,0.00042005040604872583,0.22234668160179222,0.13315597871744608,0.08569028283394008,0.05572668720246429,0.03668440212825539,0.032203864463735646,0.023382805936712405,0.9019882385886306,0.09801176141136936,0.5557266872024643,0.343741248949874,0.09801176141136936,0.002520302436292355,0.32665919910389246,0.003080369644357323,0.6702604312517502
2024,3305208,1452,0.7775482093663911,0.22245179063360881,0.0,0.0,0.0,0.0,0.0,0.0,0.0,0.0,0.0,0.0,0.0,0.0,0.0,0.0,0.0,0.007575757575757576,0.4793388429752066,0.15358126721763085,0.3450413223140496,0.010330578512396695,0.004132231404958678,0.6349862258953168,0.3650137741046832,0.06611570247933884,0.015151515151515152,0.05303030303030303,0.02203856749311295,0.01652892561983471,0.01928374655647383,0.015151515151515152,0.006887052341597796,0.002066115702479339,0.002066115702479339,0.0006887052341597796,0.1887052341597796,0.0,0.2568870523415978,0.1322314049586777,0.0709366391184573,0.05234159779614325,0.027548209366391185,0.029614325068870524,0.022727272727272728,0.8615702479338843,0.1384297520661157,0.4641873278236915,0.39600550964187325,0.1384297520661157,0.0013774104683195593,0.3746556473829201,0.0048209366391184574,0.6205234159779615
2024,3305505,1041,0.8049951969260326,0.19500480307396734,0.0,0.0,0.0,0.0,0.0,0.0,0.0,0.0,0.0,0.0,0.0,0.0,0.0,0.0,0.0,0.012487992315081652,0.45821325648414984,0.13928914505283382,0.3804034582132565,0.0067243035542747355,0.002881844380403458,0.6493756003842459,0.3506243996157541,0.07684918347742556,0.007684918347742555,0.03073967339097022,0.024015369836695485,0.01536983669548511,0.01440922190201729,0.012487992315081652,0.0067243035542747355,0.004803073967339097,0.005763688760806916,0.0009606147934678194,0.22094140249759847,0.0009606147934678194,0.31892411143131605,0.11911623439000961,0.05763688760806916,0.040345821325648415,0.020172910662824207,0.013448607108549471,0.008645533141210375,0.8290105667627281,0.17098943323727187,0.3121998078770413,0.5120076849183477,0.17098943323727187,0.004803073967339097,0.49759846301633043,0.0019212295869356388,0.5004803073967339
2024,3305554,2505,0.725748502994012,0.274251497005988,0.0,0.0,0.0,0.0,0.0,0.0,0.0,0.0,0.0,0.0,0.0,0.0,0.0,0.0,0.0,0.010379241516966068,0.3656686626746507,0.2055888223552894,0.40079840319361276,0.014770459081836327,0.0027944111776447107,0.6171656686626746,0.38283433133732536,0.027544910179640718,0.02475049900199601,0.09940119760479042,0.046706586826347304,0.033932135728542916,0.026347305389221556,0.022754491017964073,0.015169660678642715,0.007584830339321357,0.004391217564870259,0.0,0.11097804391217565,0.0007984031936127744,0.20039920159680638,0.12694610778443113,0.08343313373253493,0.058682634730538925,0.04231536926147705,0.03912175648702595,0.02874251497005988,0.9333333333333333,0.06666666666666667,0.615568862275449,0.3157684630738523,0.06666666666666667,0.001996007984031936,0.29221556886227545,0.0031936127744510976,0.7045908183632734
2024,3305802,2406,0.7984206151288445,0.20157938487115545,0.0,0.0,0.0,0.0,0.0,0.0,0.0,0.0,0.0,0.0,0.0,0.0,0.0,0.0,0.0,0.007481296758104738,0.6637572734829593,0.09185369908561929,0.22236076475477973,0.012468827930174564,0.0020781379883624274,0.6296758104738155,0.37032418952618457,0.11554447215295095,0.011637572734829594,0.043640897755610975,0.017040731504571905,0.014131338320864505,0.01371571072319202,0.00914380714879468,0.007065669160432253,0.003740648379052369,0.0012468827930174563,0.0008312551953449709,0.2169576059850374,0.0008312551953449709,0.3117206982543641,0.0968412302576891,0.04821280133000831,0.03325020781379884,0.0199501246882793,0.017456359102244388,0.017040731504571905,0.7759767248545303,0.22402327514546966,0.3325020781379884,0.4401496259351621,0.22402327514546966,0.0033250207813798837,0.4235245220282627,0.0020781379883624274,0.5743973399833749
2024,3306008,2021,0.7248886689757545,0.2751113310242454,0.0,0.0,0.0,0.0,0.0,0.0,0.0,0.0,0.0,0.0,0.0,0.0,0.0,0.0,0.0,0.011380504700643246,0.43443839683325086,0.21078673923800098,0.3280554181098466,0.014349332013854528,0.0009896091044037606,0.6269173676397823,0.3730826323602177,0.07125185551707075,0.017318159327065808,0.058881741712023754,0.028698664027709056,0.023255813953488372,0.010885700148441365,0.009896091044037604,0.004453240969816922,0.0034636318654131617,0.0034636318654131617,0.0004948045522018803,0.1850569025235032,0.0004948045522018803,0.2528451261751608,0.11380504700643246,0.06828302820385948,0.05343889163780307,0.0400791687283523,0.030183077684314694,0.02375061850569025,0.8396833250865908,0.1603166749134092,0.45571499257793174,0.38248391885205346,0.1603166749134092,0.0014844136566056407,0.3681345868381989,0.0009896091044037606,0.6308758040573973
2024,3306107,1565,0.7667731629392971,0.23322683706070288,0.0,0.0,0.0,0.0,0.0,0.0,0.0,0.0,0.0,0.0,0.0,0.0,0.0,0.0,0.0,0.0076677316293929714,0.4971246006389776,0.1718849840255591,0.3124600638977636,0.008945686900958467,0.0019169329073482429,0.6261980830670927,0.3738019169329074,0.10990415335463259,0.023642172523961662,0.0536741214057508,0.02875399361022364,0.012140575079872205,0.012779552715654952,0.005750798722044728,0.005111821086261981,0.0006389776357827476,0.0006389776357827476,0.0,0.19361022364217254,0.0,0.25559105431309903,0.10926517571884985,0.06645367412140575,0.047284345047923323,0.028115015974440896,0.027476038338658148,0.019169329073482427,0.7814696485623003,0.2185303514376997,0.38210862619808306,0.39552715654952075,0.2185303514376997,0.0038338658146964857,0.3744408945686901,0.0012779552715654952,0.6242811501597444
2024,3306206,959,0.7841501564129302,0.21584984358706985,0.0,0.0,0.0,0.0,0.0,0.0,0.0,0.0,0.0,0.0,0.0,0.0,0.0,0.0,0.0,0.008342022940563087,0.46715328467153283,0.18561001042752867,0.32638164754953075,0.011470281543274244,0.0010427528675703858,0.6089676746611054,0.3910323253388947,0.08967674661105318,0.010427528675703858,0.040667361835245046,0.028154327424400417,0.022940563086548488,0.01251303441084463,0.005213764337851929,0.005213764337851929,0.0072992700729927005,0.0010427528675703858,0.0,0.20437956204379562,0.0,0.2940563086548488,0.13138686131386862,0.06465067778936393,0.029197080291970802,0.018769551616266946,0.013555787278415016,0.020855057351407715,0.8185610010427529,0.18143899895724713,0.3409801876955162,0.470281543274244,0.18143899895724713,0.0072992700729927005,0.4504692387904067,0.0020855057351407717,0.5474452554744526
2024,3306305,5634,0.7385516506922257,0.2614483493077742,0.0,0.0,0.0,0.0,0.0,0.0,0.0,0.0,0.0,0.0,0.0,0.0,0.0,0.0,0.0,0.009052183173588925,0.5353212637557685,0.156904508342208,0.28771742988995386,0.009407170749023783,0.001597444089456869,0.5958466453674122,0.40415335463258784,0.10188143414980476,0.01810436634717785,0.04881079162229322,0.025736599219027333,0.018991835285764997,0.012247071352502662,0.0067447639332623354,0.006389776357827476,0.003727369542066028,0.0023074192403265887,0.0007099751508697196,0.2184948526801562,0.0,0.25630102946396877,0.1182108626198083,0.060880369187078454,0.03745118920837771,0.021654242101526448,0.021654242101526448,0.019701810436634718,0.8143414980475683,0.18565850195243166,0.3981185658501952,0.41373801916932906,0.18565850195243166,0.0024849130280440185,0.4007809726659567,0.001774937877174299,0.597444089456869
